"source","target","ligand","receptor","prob","pval","interaction_name","interaction_name_2","pathway_name","annotation","evidence"
"CD16+Mono","CD16+Mono","ANXA1","FPR1",0.0273879108258184,0,"ANXA1_FPR1","ANXA1 - FPR1","ANNEXIN","Secreted Signaling","PMID: 23230437"
"Cycling","CD16+Mono","ANXA1","FPR1",0.0274839258969161,0,"ANXA1_FPR1","ANXA1 - FPR1","ANNEXIN","Secreted Signaling","PMID: 23230437"
"cDC2","CD16+Mono","ANXA1","FPR1",0.029530548074579,0,"ANXA1_FPR1","ANXA1 - FPR1","ANNEXIN","Secreted Signaling","PMID: 23230437"
"ctlCD4+T","CD16+Mono","ANXA1","FPR1",0.0406678381874764,0,"ANXA1_FPR1","ANXA1 - FPR1","ANNEXIN","Secreted Signaling","PMID: 23230437"
"pDC","Plasma_B","GAS6","AXL",0.0137623307566509,0,"GAS6_AXL","GAS6 - AXL","GAS","Secreted Signaling","PMID: 27801848"
"Plasma_B","CD16+Mono","THBS1","CD36",0.0226582638190607,0,"THBS1_CD36","THBS1 - CD36","THBS","ECM-Receptor","KEGG: hsa04512"
"Plasma_B","pDC","THBS1","CD36",0.0286984471553964,0,"THBS1_CD36","THBS1 - CD36","THBS","ECM-Receptor","KEGG: hsa04512"
"Plasma_B","CD14+Mono","THBS1","CD47",0.0389041224125572,0.02,"THBS1_CD47","THBS1 - CD47","THBS","ECM-Receptor","KEGG: hsa04512"
"Plasma_B","CD16+Mono","THBS1","CD47",0.0243550771085391,0.01,"THBS1_CD47","THBS1 - CD47","THBS","ECM-Receptor","KEGG: hsa04512"
"Plasma_B","Cycling","THBS1","CD47",0.0259201971301589,0.02,"THBS1_CD47","THBS1 - CD47","THBS","ECM-Receptor","KEGG: hsa04512"
"Plasma_B","MAIT","THBS1","CD47",0.0907693288314058,0,"THBS1_CD47","THBS1 - CD47","THBS","ECM-Receptor","KEGG: hsa04512"
"Plasma_B","Plasma_B","THBS1","CD47",0.084513418407997,0.02,"THBS1_CD47","THBS1 - CD47","THBS","ECM-Receptor","KEGG: hsa04512"
"Plasma_B","cDC2","THBS1","CD47",0.0667258738780265,0,"THBS1_CD47","THBS1 - CD47","THBS","ECM-Receptor","KEGG: hsa04512"
"Plasma_B","cmCD8+T","THBS1","CD47",0.0261315509033424,0.02,"THBS1_CD47","THBS1 - CD47","THBS","ECM-Receptor","KEGG: hsa04512"
"Plasma_B","hCD4+T","THBS1","CD47",0.0288159845133759,0.02,"THBS1_CD47","THBS1 - CD47","THBS","ECM-Receptor","KEGG: hsa04512"
"Plasma_B","mB_cells","THBS1","CD47",0.0296583814139638,0.02,"THBS1_CD47","THBS1 - CD47","THBS","ECM-Receptor","KEGG: hsa04512"
"Plasma_B","nB_cells","THBS1","CD47",0.0297206213786729,0.02,"THBS1_CD47","THBS1 - CD47","THBS","ECM-Receptor","KEGG: hsa04512"
"Plasma_B","nCD4+T","THBS1","CD47",0.0356251323539671,0.02,"THBS1_CD47","THBS1 - CD47","THBS","ECM-Receptor","KEGG: hsa04512"
"Plasma_B","pDC","THBS1","CD47",0.0270795292837038,0.01,"THBS1_CD47","THBS1 - CD47","THBS","ECM-Receptor","KEGG: hsa04512"
"pDC","CD14+Mono","APP","CD74",0.193711546690607,0,"APP_CD74","APP - CD74","APP","Cell-Cell Contact","PMID: 19849849"
"pDC","CD16+Mono","APP","CD74",0.445680990542247,0,"APP_CD74","APP - CD74","APP","Cell-Cell Contact","PMID: 19849849"
"pDC","Cycling","APP","CD74",0.429406044398889,0,"APP_CD74","APP - CD74","APP","Cell-Cell Contact","PMID: 19849849"
"pDC","MAIT","APP","CD74",0.456481917532769,0,"APP_CD74","APP - CD74","APP","Cell-Cell Contact","PMID: 19849849"
"pDC","NK","APP","CD74",0.199246236062304,0,"APP_CD74","APP - CD74","APP","Cell-Cell Contact","PMID: 19849849"
"pDC","Plasma_B","APP","CD74",0.436569648635829,0,"APP_CD74","APP - CD74","APP","Cell-Cell Contact","PMID: 19849849"
"pDC","Treg","APP","CD74",0.340427804734539,0,"APP_CD74","APP - CD74","APP","Cell-Cell Contact","PMID: 19849849"
"pDC","cDC2","APP","CD74",0.448143835768857,0,"APP_CD74","APP - CD74","APP","Cell-Cell Contact","PMID: 19849849"
"pDC","cmCD8+T","APP","CD74",0.372706234714917,0,"APP_CD74","APP - CD74","APP","Cell-Cell Contact","PMID: 19849849"
"pDC","ctlCD4+T","APP","CD74",0.399671403492042,0,"APP_CD74","APP - CD74","APP","Cell-Cell Contact","PMID: 19849849"
"pDC","ctlCD8+T","APP","CD74",0.202701776059345,0,"APP_CD74","APP - CD74","APP","Cell-Cell Contact","PMID: 19849849"
"pDC","emCD8+T","APP","CD74",0.403630887640613,0,"APP_CD74","APP - CD74","APP","Cell-Cell Contact","PMID: 19849849"
"pDC","gdT","APP","CD74",0.40048398945637,0,"APP_CD74","APP - CD74","APP","Cell-Cell Contact","PMID: 19849849"
"pDC","hCD4+T","APP","CD74",0.376518242043251,0,"APP_CD74","APP - CD74","APP","Cell-Cell Contact","PMID: 19849849"
"pDC","mB_cells","APP","CD74",0.467977851840293,0,"APP_CD74","APP - CD74","APP","Cell-Cell Contact","PMID: 19849849"
"pDC","nB_cells","APP","CD74",0.508591383481757,0,"APP_CD74","APP - CD74","APP","Cell-Cell Contact","PMID: 19849849"
"pDC","nCD8+T","APP","CD74",0.141722458005807,0,"APP_CD74","APP - CD74","APP","Cell-Cell Contact","PMID: 19849849"
"pDC","pDC","APP","CD74",0.464358561809122,0,"APP_CD74","APP - CD74","APP","Cell-Cell Contact","PMID: 19849849"
"CD16+Mono","Cycling","CD86","CTLA4",0.0090236316874322,0,"CD86_CTLA4","CD86 - CTLA4","CD86","Cell-Cell Contact","PMID: 23954143"
"cDC2","Cycling","CD86","CTLA4",0.0123442643585035,0,"CD86_CTLA4","CD86 - CTLA4","CD86","Cell-Cell Contact","PMID: 23954143"
"CD16+Mono","Treg","CD86","CTLA4",0.0336012473992734,0,"CD86_CTLA4","CD86 - CTLA4","CD86","Cell-Cell Contact","PMID: 23954143"
"cDC2","Treg","CD86","CTLA4",0.0455505407280013,0,"CD86_CTLA4","CD86 - CTLA4","CD86","Cell-Cell Contact","PMID: 23954143"
"CD16+Mono","cDC2","ICAM1","ITGAX_ITGB2",0.0581946832829672,0,"ICAM1_ITGAX_ITGB2","ICAM1 - (ITGAX+ITGB2)","ICAM","Cell-Cell Contact","PMID: 16252253"
"cDC2","cDC2","ICAM1","ITGAX_ITGB2",0.0671668023202865,0,"ICAM1_ITGAX_ITGB2","ICAM1 - (ITGAX+ITGB2)","ICAM","Cell-Cell Contact","PMID: 16252253"
"pDC","cDC2","ICAM1","ITGAX_ITGB2",0.0330300294583397,0,"ICAM1_ITGAX_ITGB2","ICAM1 - (ITGAX+ITGB2)","ICAM","Cell-Cell Contact","PMID: 16252253"
"CD16+Mono","CD16+Mono","ICAM1","ITGAL_ITGB2",0.0359252069432425,0,"ICAM1_ITGAL_ITGB2","ICAM1 - (ITGAL+ITGB2)","ICAM","Cell-Cell Contact","KEGG: hsa04514"
"cDC2","CD16+Mono","ICAM1","ITGAL_ITGB2",0.0416156582661875,0,"ICAM1_ITGAL_ITGB2","ICAM1 - (ITGAL+ITGB2)","ICAM","Cell-Cell Contact","KEGG: hsa04514"
"pDC","CD16+Mono","ICAM1","ITGAL_ITGB2",0.0201839837393284,0,"ICAM1_ITGAL_ITGB2","ICAM1 - (ITGAL+ITGB2)","ICAM","Cell-Cell Contact","KEGG: hsa04514"
"Plasma_B","CD16+Mono","ICAM2","ITGAL_ITGB2",0.0306379057518981,0,"ICAM2_ITGAL_ITGB2","ICAM2 - (ITGAL+ITGB2)","ICAM","Cell-Cell Contact","KEGG: hsa04514"
"CD16+Mono","CD16+Mono","ICAM1","ITGAL",0.010924850163464,0,"ICAM1_ITGAL","ICAM1 - ITGAL","ICAM","Cell-Cell Contact","PMID: 23602662"
"cDC2","CD16+Mono","ICAM1","ITGAL",0.0127075123250994,0,"ICAM1_ITGAL","ICAM1 - ITGAL","ICAM","Cell-Cell Contact","PMID: 23602662"
"pDC","CD16+Mono","ICAM1","ITGAL",0.00606898750091267,0,"ICAM1_ITGAL","ICAM1 - ITGAL","ICAM","Cell-Cell Contact","PMID: 23602662"
"CD16+Mono","Plasma_B","ICAM1","SPN",0.0209610339754498,0,"ICAM1_SPN","ICAM1 - SPN","ICAM","Cell-Cell Contact","PMID: 1683685"
"cDC2","Plasma_B","ICAM1","SPN",0.0243410476740126,0,"ICAM1_SPN","ICAM1 - SPN","ICAM","Cell-Cell Contact","PMID: 1683685"
"pDC","Plasma_B","ICAM1","SPN",0.0116970572614263,0,"ICAM1_SPN","ICAM1 - SPN","ICAM","Cell-Cell Contact","PMID: 1683685"
"CD16+Mono","pDC","ICAM1","SPN",0.031377191422601,0,"ICAM1_SPN","ICAM1 - SPN","ICAM","Cell-Cell Contact","PMID: 1683685"
"cDC2","pDC","ICAM1","SPN",0.0363744302686278,0,"ICAM1_SPN","ICAM1 - SPN","ICAM","Cell-Cell Contact","PMID: 1683685"
"pDC","pDC","ICAM1","SPN",0.0175923920838422,0,"ICAM1_SPN","ICAM1 - SPN","ICAM","Cell-Cell Contact","PMID: 1683685"
"CD16+Mono","CD16+Mono","ITGB2","ICAM1",0.111676559249095,0,"ITGB2_ICAM1","ITGB2 - ICAM1","ITGB2","Cell-Cell Contact","KEGG: hsa04514"
"Cycling","CD16+Mono","ITGB2","ICAM1",0.0672181394062687,0,"ITGB2_ICAM1","ITGB2 - ICAM1","ITGB2","Cell-Cell Contact","KEGG: hsa04514"
"MAIT","CD16+Mono","ITGB2","ICAM1",0.101828420665876,0,"ITGB2_ICAM1","ITGB2 - ICAM1","ITGB2","Cell-Cell Contact","KEGG: hsa04514"
"cDC2","CD16+Mono","ITGB2","ICAM1",0.113083182490108,0,"ITGB2_ICAM1","ITGB2 - ICAM1","ITGB2","Cell-Cell Contact","KEGG: hsa04514"
"cmCD8+T","CD16+Mono","ITGB2","ICAM1",0.0305794475566321,0,"ITGB2_ICAM1","ITGB2 - ICAM1","ITGB2","Cell-Cell Contact","KEGG: hsa04514"
"ctlCD4+T","CD16+Mono","ITGB2","ICAM1",0.0179308561715619,0,"ITGB2_ICAM1","ITGB2 - ICAM1","ITGB2","Cell-Cell Contact","KEGG: hsa04514"
"gdT","CD16+Mono","ITGB2","ICAM1",0.0310424194835876,0,"ITGB2_ICAM1","ITGB2 - ICAM1","ITGB2","Cell-Cell Contact","KEGG: hsa04514"
"hCD4+T","CD16+Mono","ITGB2","ICAM1",0.0323200348293188,0,"ITGB2_ICAM1","ITGB2 - ICAM1","ITGB2","Cell-Cell Contact","KEGG: hsa04514"
"CD16+Mono","cDC2","ITGB2","ICAM1",0.127775526530859,0,"ITGB2_ICAM1","ITGB2 - ICAM1","ITGB2","Cell-Cell Contact","KEGG: hsa04514"
"Cycling","cDC2","ITGB2","ICAM1",0.0774670125131578,0,"ITGB2_ICAM1","ITGB2 - ICAM1","ITGB2","Cell-Cell Contact","KEGG: hsa04514"
"MAIT","cDC2","ITGB2","ICAM1",0.116694204473137,0,"ITGB2_ICAM1","ITGB2 - ICAM1","ITGB2","Cell-Cell Contact","KEGG: hsa04514"
"cDC2","cDC2","ITGB2","ICAM1",0.129355396942142,0,"ITGB2_ICAM1","ITGB2 - ICAM1","ITGB2","Cell-Cell Contact","KEGG: hsa04514"
"cmCD8+T","cDC2","ITGB2","ICAM1",0.0354542854203052,0,"ITGB2_ICAM1","ITGB2 - ICAM1","ITGB2","Cell-Cell Contact","KEGG: hsa04514"
"ctlCD4+T","cDC2","ITGB2","ICAM1",0.0208326441544311,0,"ITGB2_ICAM1","ITGB2 - ICAM1","ITGB2","Cell-Cell Contact","KEGG: hsa04514"
"gdT","cDC2","ITGB2","ICAM1",0.0359883223484532,0,"ITGB2_ICAM1","ITGB2 - ICAM1","ITGB2","Cell-Cell Contact","KEGG: hsa04514"
"hCD4+T","cDC2","ITGB2","ICAM1",0.0374616266640576,0,"ITGB2_ICAM1","ITGB2 - ICAM1","ITGB2","Cell-Cell Contact","KEGG: hsa04514"
"CD16+Mono","pDC","ITGB2","ICAM1",0.0649808252471214,0,"ITGB2_ICAM1","ITGB2 - ICAM1","ITGB2","Cell-Cell Contact","KEGG: hsa04514"
"Cycling","pDC","ITGB2","ICAM1",0.0383102668794623,0,"ITGB2_ICAM1","ITGB2 - ICAM1","ITGB2","Cell-Cell Contact","KEGG: hsa04514"
"MAIT","pDC","ITGB2","ICAM1",0.0589771358467651,0,"ITGB2_ICAM1","ITGB2 - ICAM1","ITGB2","Cell-Cell Contact","KEGG: hsa04514"
"cDC2","pDC","ITGB2","ICAM1",0.0658428862946316,0,"ITGB2_ICAM1","ITGB2 - ICAM1","ITGB2","Cell-Cell Contact","KEGG: hsa04514"
"cmCD8+T","pDC","ITGB2","ICAM1",0.0171389161762672,0,"ITGB2_ICAM1","ITGB2 - ICAM1","ITGB2","Cell-Cell Contact","KEGG: hsa04514"
"ctlCD4+T","pDC","ITGB2","ICAM1",0.00999243374896542,0,"ITGB2_ICAM1","ITGB2 - ICAM1","ITGB2","Cell-Cell Contact","KEGG: hsa04514"
"gdT","pDC","ITGB2","ICAM1",0.0174020516896304,0,"ITGB2_ICAM1","ITGB2 - ICAM1","ITGB2","Cell-Cell Contact","KEGG: hsa04514"
"hCD4+T","pDC","ITGB2","ICAM1",0.0181287728310192,0,"ITGB2_ICAM1","ITGB2 - ICAM1","ITGB2","Cell-Cell Contact","KEGG: hsa04514"
"CD16+Mono","Plasma_B","ITGB2","ICAM2",0.0963547972729048,0,"ITGB2_ICAM2","ITGB2 - ICAM2","ITGB2","Cell-Cell Contact","KEGG: hsa04514"
"Cycling","Plasma_B","ITGB2","ICAM2",0.0576004601060073,0,"ITGB2_ICAM2","ITGB2 - ICAM2","ITGB2","Cell-Cell Contact","KEGG: hsa04514"
"MAIT","Plasma_B","ITGB2","ICAM2",0.0877243712803572,0,"ITGB2_ICAM2","ITGB2 - ICAM2","ITGB2","Cell-Cell Contact","KEGG: hsa04514"
"cDC2","Plasma_B","ITGB2","ICAM2",0.0975896361391272,0,"ITGB2_ICAM2","ITGB2 - ICAM2","ITGB2","Cell-Cell Contact","KEGG: hsa04514"
"cmCD8+T","Plasma_B","ITGB2","ICAM2",0.0260576446635584,0,"ITGB2_ICAM2","ITGB2 - ICAM2","ITGB2","Cell-Cell Contact","KEGG: hsa04514"
"ctlCD4+T","Plasma_B","ITGB2","ICAM2",0.0152499861295501,0,"ITGB2_ICAM2","ITGB2 - ICAM2","ITGB2","Cell-Cell Contact","KEGG: hsa04514"
"gdT","Plasma_B","ITGB2","ICAM2",0.0264540247982298,0,"ITGB2_ICAM2","ITGB2 - ICAM2","ITGB2","Cell-Cell Contact","KEGG: hsa04514"
"hCD4+T","Plasma_B","ITGB2","ICAM2",0.0275481642140436,0,"ITGB2_ICAM2","ITGB2 - ICAM2","ITGB2","Cell-Cell Contact","KEGG: hsa04514"
"CD16+Mono","MAIT","HLA-A","CD8A",0.07622482190748,0,"HLA-A_CD8A","HLA-A - CD8A","MHC-I","Cell-Cell Contact","KEGG: hsa04514"
"Cycling","MAIT","HLA-A","CD8A",0.0819827814456153,0,"HLA-A_CD8A","HLA-A - CD8A","MHC-I","Cell-Cell Contact","KEGG: hsa04514"
"MAIT","MAIT","HLA-A","CD8A",0.0982460505676311,0,"HLA-A_CD8A","HLA-A - CD8A","MHC-I","Cell-Cell Contact","KEGG: hsa04514"
"NK","MAIT","HLA-A","CD8A",0.0336610105849254,0,"HLA-A_CD8A","HLA-A - CD8A","MHC-I","Cell-Cell Contact","KEGG: hsa04514"
"Plasma_B","MAIT","HLA-A","CD8A",0.0942549998645444,0.01,"HLA-A_CD8A","HLA-A - CD8A","MHC-I","Cell-Cell Contact","KEGG: hsa04514"
"Treg","MAIT","HLA-A","CD8A",0.0380506393554979,0,"HLA-A_CD8A","HLA-A - CD8A","MHC-I","Cell-Cell Contact","KEGG: hsa04514"
"cDC2","MAIT","HLA-A","CD8A",0.0709119261453995,0,"HLA-A_CD8A","HLA-A - CD8A","MHC-I","Cell-Cell Contact","KEGG: hsa04514"
"cmCD8+T","MAIT","HLA-A","CD8A",0.0837770550756733,0,"HLA-A_CD8A","HLA-A - CD8A","MHC-I","Cell-Cell Contact","KEGG: hsa04514"
"ctlCD4+T","MAIT","HLA-A","CD8A",0.018653574167194,0.02,"HLA-A_CD8A","HLA-A - CD8A","MHC-I","Cell-Cell Contact","KEGG: hsa04514"
"ctlCD8+T","MAIT","HLA-A","CD8A",0.0377211746352963,0,"HLA-A_CD8A","HLA-A - CD8A","MHC-I","Cell-Cell Contact","KEGG: hsa04514"
"emCD8+T","MAIT","HLA-A","CD8A",0.0378907153553536,0.01,"HLA-A_CD8A","HLA-A - CD8A","MHC-I","Cell-Cell Contact","KEGG: hsa04514"
"gdT","MAIT","HLA-A","CD8A",0.0952414326750244,0,"HLA-A_CD8A","HLA-A - CD8A","MHC-I","Cell-Cell Contact","KEGG: hsa04514"
"hCD4+T","MAIT","HLA-A","CD8A",0.0361439117047336,0,"HLA-A_CD8A","HLA-A - CD8A","MHC-I","Cell-Cell Contact","KEGG: hsa04514"
"mB_cells","MAIT","HLA-A","CD8A",0.0320098883198014,0.01,"HLA-A_CD8A","HLA-A - CD8A","MHC-I","Cell-Cell Contact","KEGG: hsa04514"
"nCD8+T","MAIT","HLA-A","CD8A",0.031347197113734,0,"HLA-A_CD8A","HLA-A - CD8A","MHC-I","Cell-Cell Contact","KEGG: hsa04514"
"pDC","MAIT","HLA-A","CD8A",0.030513603099866,0.02,"HLA-A_CD8A","HLA-A - CD8A","MHC-I","Cell-Cell Contact","KEGG: hsa04514"
"CD16+Mono","cmCD8+T","HLA-A","CD8A",0.107945848803537,0,"HLA-A_CD8A","HLA-A - CD8A","MHC-I","Cell-Cell Contact","KEGG: hsa04514"
"Cycling","cmCD8+T","HLA-A","CD8A",0.115799615722622,0,"HLA-A_CD8A","HLA-A - CD8A","MHC-I","Cell-Cell Contact","KEGG: hsa04514"
"MAIT","cmCD8+T","HLA-A","CD8A",0.137764561420518,0,"HLA-A_CD8A","HLA-A - CD8A","MHC-I","Cell-Cell Contact","KEGG: hsa04514"
"NK","cmCD8+T","HLA-A","CD8A",0.0486009712958291,0,"HLA-A_CD8A","HLA-A - CD8A","MHC-I","Cell-Cell Contact","KEGG: hsa04514"
"Plasma_B","cmCD8+T","HLA-A","CD8A",0.132403863660487,0,"HLA-A_CD8A","HLA-A - CD8A","MHC-I","Cell-Cell Contact","KEGG: hsa04514"
"Treg","cmCD8+T","HLA-A","CD8A",0.0548283327806022,0,"HLA-A_CD8A","HLA-A - CD8A","MHC-I","Cell-Cell Contact","KEGG: hsa04514"
"cDC2","cmCD8+T","HLA-A","CD8A",0.100662913699184,0,"HLA-A_CD8A","HLA-A - CD8A","MHC-I","Cell-Cell Contact","KEGG: hsa04514"
"cmCD8+T","cmCD8+T","HLA-A","CD8A",0.118238678760732,0,"HLA-A_CD8A","HLA-A - CD8A","MHC-I","Cell-Cell Contact","KEGG: hsa04514"
"ctlCD4+T","cmCD8+T","HLA-A","CD8A",0.0271196294564582,0,"HLA-A_CD8A","HLA-A - CD8A","MHC-I","Cell-Cell Contact","KEGG: hsa04514"
"ctlCD8+T","cmCD8+T","HLA-A","CD8A",0.0543618065436614,0,"HLA-A_CD8A","HLA-A - CD8A","MHC-I","Cell-Cell Contact","KEGG: hsa04514"
"emCD8+T","cmCD8+T","HLA-A","CD8A",0.0546018959607057,0,"HLA-A_CD8A","HLA-A - CD8A","MHC-I","Cell-Cell Contact","KEGG: hsa04514"
"gdT","cmCD8+T","HLA-A","CD8A",0.133730598216394,0,"HLA-A_CD8A","HLA-A - CD8A","MHC-I","Cell-Cell Contact","KEGG: hsa04514"
"hCD4+T","cmCD8+T","HLA-A","CD8A",0.0521264284605982,0,"HLA-A_CD8A","HLA-A - CD8A","MHC-I","Cell-Cell Contact","KEGG: hsa04514"
"mB_cells","cmCD8+T","HLA-A","CD8A",0.0462520973684401,0,"HLA-A_CD8A","HLA-A - CD8A","MHC-I","Cell-Cell Contact","KEGG: hsa04514"
"nCD8+T","cmCD8+T","HLA-A","CD8A",0.0453083549793915,0,"HLA-A_CD8A","HLA-A - CD8A","MHC-I","Cell-Cell Contact","KEGG: hsa04514"
"pDC","cmCD8+T","HLA-A","CD8A",0.0441204118915416,0,"HLA-A_CD8A","HLA-A - CD8A","MHC-I","Cell-Cell Contact","KEGG: hsa04514"
"CD16+Mono","ctlCD8+T","HLA-A","CD8A",0.130127271093264,0,"HLA-A_CD8A","HLA-A - CD8A","MHC-I","Cell-Cell Contact","KEGG: hsa04514"
"Cycling","ctlCD8+T","HLA-A","CD8A",0.139342792151641,0,"HLA-A_CD8A","HLA-A - CD8A","MHC-I","Cell-Cell Contact","KEGG: hsa04514"
"MAIT","ctlCD8+T","HLA-A","CD8A",0.164940385550918,0,"HLA-A_CD8A","HLA-A - CD8A","MHC-I","Cell-Cell Contact","KEGG: hsa04514"
"NK","ctlCD8+T","HLA-A","CD8A",0.0593998268446314,0,"HLA-A_CD8A","HLA-A - CD8A","MHC-I","Cell-Cell Contact","KEGG: hsa04514"
"Plasma_B","ctlCD8+T","HLA-A","CD8A",0.158716875697162,0,"HLA-A_CD8A","HLA-A - CD8A","MHC-I","Cell-Cell Contact","KEGG: hsa04514"
"Treg","ctlCD8+T","HLA-A","CD8A",0.0669135552403861,0,"HLA-A_CD8A","HLA-A - CD8A","MHC-I","Cell-Cell Contact","KEGG: hsa04514"
"cDC2","ctlCD8+T","HLA-A","CD8A",0.121551710591565,0,"HLA-A_CD8A","HLA-A - CD8A","MHC-I","Cell-Cell Contact","KEGG: hsa04514"
"cmCD8+T","ctlCD8+T","HLA-A","CD8A",0.142197991459993,0,"HLA-A_CD8A","HLA-A - CD8A","MHC-I","Cell-Cell Contact","KEGG: hsa04514"
"ctlCD4+T","ctlCD8+T","HLA-A","CD8A",0.0333125790821618,0,"HLA-A_CD8A","HLA-A - CD8A","MHC-I","Cell-Cell Contact","KEGG: hsa04514"
"ctlCD8+T","ctlCD8+T","HLA-A","CD8A",0.0663514164221084,0,"HLA-A_CD8A","HLA-A - CD8A","MHC-I","Cell-Cell Contact","KEGG: hsa04514"
"emCD8+T","ctlCD8+T","HLA-A","CD8A",0.0666407264282738,0,"HLA-A_CD8A","HLA-A - CD8A","MHC-I","Cell-Cell Contact","KEGG: hsa04514"
"gdT","ctlCD8+T","HLA-A","CD8A",0.160258572928951,0,"HLA-A_CD8A","HLA-A - CD8A","MHC-I","Cell-Cell Contact","KEGG: hsa04514"
"hCD4+T","ctlCD8+T","HLA-A","CD8A",0.063656208796698,0,"HLA-A_CD8A","HLA-A - CD8A","MHC-I","Cell-Cell Contact","KEGG: hsa04514"
"mB_cells","ctlCD8+T","HLA-A","CD8A",0.0565600736737858,0,"HLA-A_CD8A","HLA-A - CD8A","MHC-I","Cell-Cell Contact","KEGG: hsa04514"
"nCD8+T","ctlCD8+T","HLA-A","CD8A",0.0554182253007767,0,"HLA-A_CD8A","HLA-A - CD8A","MHC-I","Cell-Cell Contact","KEGG: hsa04514"
"pDC","ctlCD8+T","HLA-A","CD8A",0.0539801984556957,0,"HLA-A_CD8A","HLA-A - CD8A","MHC-I","Cell-Cell Contact","KEGG: hsa04514"
"CD16+Mono","nCD8+T","HLA-A","CD8A",0.127243901654655,0,"HLA-A_CD8A","HLA-A - CD8A","MHC-I","Cell-Cell Contact","KEGG: hsa04514"
"Cycling","nCD8+T","HLA-A","CD8A",0.1362872172621,0,"HLA-A_CD8A","HLA-A - CD8A","MHC-I","Cell-Cell Contact","KEGG: hsa04514"
"MAIT","nCD8+T","HLA-A","CD8A",0.161428777496254,0,"HLA-A_CD8A","HLA-A - CD8A","MHC-I","Cell-Cell Contact","KEGG: hsa04514"
"NK","nCD8+T","HLA-A","CD8A",0.0579791845015734,0,"HLA-A_CD8A","HLA-A - CD8A","MHC-I","Cell-Cell Contact","KEGG: hsa04514"
"Plasma_B","nCD8+T","HLA-A","CD8A",0.155313123542282,0,"HLA-A_CD8A","HLA-A - CD8A","MHC-I","Cell-Cell Contact","KEGG: hsa04514"
"Treg","nCD8+T","HLA-A","CD8A",0.0653256905631554,0,"HLA-A_CD8A","HLA-A - CD8A","MHC-I","Cell-Cell Contact","KEGG: hsa04514"
"cDC2","nCD8+T","HLA-A","CD8A",0.118832400895601,0,"HLA-A_CD8A","HLA-A - CD8A","MHC-I","Cell-Cell Contact","KEGG: hsa04514"
"cmCD8+T","nCD8+T","HLA-A","CD8A",0.139089924769101,0,"HLA-A_CD8A","HLA-A - CD8A","MHC-I","Cell-Cell Contact","KEGG: hsa04514"
"ctlCD4+T","nCD8+T","HLA-A","CD8A",0.0324943010995474,0,"HLA-A_CD8A","HLA-A - CD8A","MHC-I","Cell-Cell Contact","KEGG: hsa04514"
"ctlCD8+T","nCD8+T","HLA-A","CD8A",0.0647759652983941,0,"HLA-A_CD8A","HLA-A - CD8A","MHC-I","Cell-Cell Contact","KEGG: hsa04514"
"emCD8+T","nCD8+T","HLA-A","CD8A",0.0650588845899683,0,"HLA-A_CD8A","HLA-A - CD8A","MHC-I","Cell-Cell Contact","KEGG: hsa04514"
"gdT","nCD8+T","HLA-A","CD8A",0.156827921734882,0,"HLA-A_CD8A","HLA-A - CD8A","MHC-I","Cell-Cell Contact","KEGG: hsa04514"
"hCD4+T","nCD8+T","HLA-A","CD8A",0.0621404935085669,0,"HLA-A_CD8A","HLA-A - CD8A","MHC-I","Cell-Cell Contact","KEGG: hsa04514"
"mB_cells","nCD8+T","HLA-A","CD8A",0.0552033625618845,0,"HLA-A_CD8A","HLA-A - CD8A","MHC-I","Cell-Cell Contact","KEGG: hsa04514"
"nCD8+T","nCD8+T","HLA-A","CD8A",0.054087333555053,0,"HLA-A_CD8A","HLA-A - CD8A","MHC-I","Cell-Cell Contact","KEGG: hsa04514"
"pDC","nCD8+T","HLA-A","CD8A",0.0526819154219459,0,"HLA-A_CD8A","HLA-A - CD8A","MHC-I","Cell-Cell Contact","KEGG: hsa04514"
"CD16+Mono","MAIT","HLA-B","CD8A",0.107539569167392,0,"HLA-B_CD8A","HLA-B - CD8A","MHC-I","Cell-Cell Contact","KEGG: hsa04514"
"Cycling","MAIT","HLA-B","CD8A",0.0821631263250826,0,"HLA-B_CD8A","HLA-B - CD8A","MHC-I","Cell-Cell Contact","KEGG: hsa04514"
"MAIT","MAIT","HLA-B","CD8A",0.101058969968557,0.01,"HLA-B_CD8A","HLA-B - CD8A","MHC-I","Cell-Cell Contact","KEGG: hsa04514"
"NK","MAIT","HLA-B","CD8A",0.0412684640128216,0.04,"HLA-B_CD8A","HLA-B - CD8A","MHC-I","Cell-Cell Contact","KEGG: hsa04514"
"Plasma_B","MAIT","HLA-B","CD8A",0.116219106763346,0,"HLA-B_CD8A","HLA-B - CD8A","MHC-I","Cell-Cell Contact","KEGG: hsa04514"
"Treg","MAIT","HLA-B","CD8A",0.0949331228263122,0,"HLA-B_CD8A","HLA-B - CD8A","MHC-I","Cell-Cell Contact","KEGG: hsa04514"
"cDC2","MAIT","HLA-B","CD8A",0.0829941399208549,0,"HLA-B_CD8A","HLA-B - CD8A","MHC-I","Cell-Cell Contact","KEGG: hsa04514"
"cmCD8+T","MAIT","HLA-B","CD8A",0.0927847356977375,0,"HLA-B_CD8A","HLA-B - CD8A","MHC-I","Cell-Cell Contact","KEGG: hsa04514"
"ctlCD4+T","MAIT","HLA-B","CD8A",0.106613541629401,0,"HLA-B_CD8A","HLA-B - CD8A","MHC-I","Cell-Cell Contact","KEGG: hsa04514"
"ctlCD8+T","MAIT","HLA-B","CD8A",0.041824951187955,0.04,"HLA-B_CD8A","HLA-B - CD8A","MHC-I","Cell-Cell Contact","KEGG: hsa04514"
"gdT","MAIT","HLA-B","CD8A",0.0960855533430986,0,"HLA-B_CD8A","HLA-B - CD8A","MHC-I","Cell-Cell Contact","KEGG: hsa04514"
"hCD4+T","MAIT","HLA-B","CD8A",0.0930855641383899,0,"HLA-B_CD8A","HLA-B - CD8A","MHC-I","Cell-Cell Contact","KEGG: hsa04514"
"mB_cells","MAIT","HLA-B","CD8A",0.0864681054537499,0,"HLA-B_CD8A","HLA-B - CD8A","MHC-I","Cell-Cell Contact","KEGG: hsa04514"
"pDC","MAIT","HLA-B","CD8A",0.0890681280841779,0,"HLA-B_CD8A","HLA-B - CD8A","MHC-I","Cell-Cell Contact","KEGG: hsa04514"
"CD14+Mono","cmCD8+T","HLA-B","CD8A",0.0450959166977538,0,"HLA-B_CD8A","HLA-B - CD8A","MHC-I","Cell-Cell Contact","KEGG: hsa04514"
"CD16+Mono","cmCD8+T","HLA-B","CD8A",0.150173760499417,0,"HLA-B_CD8A","HLA-B - CD8A","MHC-I","Cell-Cell Contact","KEGG: hsa04514"
"Cycling","cmCD8+T","HLA-B","CD8A",0.116044947026444,0,"HLA-B_CD8A","HLA-B - CD8A","MHC-I","Cell-Cell Contact","KEGG: hsa04514"
"MAIT","cmCD8+T","HLA-B","CD8A",0.141531364620902,0,"HLA-B_CD8A","HLA-B - CD8A","MHC-I","Cell-Cell Contact","KEGG: hsa04514"
"NK","cmCD8+T","HLA-B","CD8A",0.0593774156225142,0,"HLA-B_CD8A","HLA-B - CD8A","MHC-I","Cell-Cell Contact","KEGG: hsa04514"
"Plasma_B","cmCD8+T","HLA-B","CD8A",0.161670964896675,0,"HLA-B_CD8A","HLA-B - CD8A","MHC-I","Cell-Cell Contact","KEGG: hsa04514"
"Treg","cmCD8+T","HLA-B","CD8A",0.133316052580748,0,"HLA-B_CD8A","HLA-B - CD8A","MHC-I","Cell-Cell Contact","KEGG: hsa04514"
"cDC2","cmCD8+T","HLA-B","CD8A",0.117174898959868,0,"HLA-B_CD8A","HLA-B - CD8A","MHC-I","Cell-Cell Contact","KEGG: hsa04514"
"cmCD8+T","cmCD8+T","HLA-B","CD8A",0.130424212248286,0,"HLA-B_CD8A","HLA-B - CD8A","MHC-I","Cell-Cell Contact","KEGG: hsa04514"
"ctlCD4+T","cmCD8+T","HLA-B","CD8A",0.148941877330914,0,"HLA-B_CD8A","HLA-B - CD8A","MHC-I","Cell-Cell Contact","KEGG: hsa04514"
"ctlCD8+T","cmCD8+T","HLA-B","CD8A",0.0601627704782951,0,"HLA-B_CD8A","HLA-B - CD8A","MHC-I","Cell-Cell Contact","KEGG: hsa04514"
"emCD8+T","cmCD8+T","HLA-B","CD8A",0.0574771529643032,0,"HLA-B_CD8A","HLA-B - CD8A","MHC-I","Cell-Cell Contact","KEGG: hsa04514"
"gdT","cmCD8+T","HLA-B","CD8A",0.134864997536722,0,"HLA-B_CD8A","HLA-B - CD8A","MHC-I","Cell-Cell Contact","KEGG: hsa04514"
"hCD4+T","cmCD8+T","HLA-B","CD8A",0.13082947739366,0,"HLA-B_CD8A","HLA-B - CD8A","MHC-I","Cell-Cell Contact","KEGG: hsa04514"
"mB_cells","cmCD8+T","HLA-B","CD8A",0.121889426275671,0,"HLA-B_CD8A","HLA-B - CD8A","MHC-I","Cell-Cell Contact","KEGG: hsa04514"
"nB_cells","cmCD8+T","HLA-B","CD8A",0.0501275106042419,0,"HLA-B_CD8A","HLA-B - CD8A","MHC-I","Cell-Cell Contact","KEGG: hsa04514"
"nCD4+T","cmCD8+T","HLA-B","CD8A",0.0545271766467065,0,"HLA-B_CD8A","HLA-B - CD8A","MHC-I","Cell-Cell Contact","KEGG: hsa04514"
"nCD8+T","cmCD8+T","HLA-B","CD8A",0.0517846278702467,0,"HLA-B_CD8A","HLA-B - CD8A","MHC-I","Cell-Cell Contact","KEGG: hsa04514"
"pDC","cmCD8+T","HLA-B","CD8A",0.125408324121408,0,"HLA-B_CD8A","HLA-B - CD8A","MHC-I","Cell-Cell Contact","KEGG: hsa04514"
"CD14+Mono","ctlCD8+T","HLA-B","CD8A",0.0551611235089309,0,"HLA-B_CD8A","HLA-B - CD8A","MHC-I","Cell-Cell Contact","KEGG: hsa04514"
"CD16+Mono","ctlCD8+T","HLA-B","CD8A",0.179288460831585,0,"HLA-B_CD8A","HLA-B - CD8A","MHC-I","Cell-Cell Contact","KEGG: hsa04514"
"Cycling","ctlCD8+T","HLA-B","CD8A",0.139630125060967,0,"HLA-B_CD8A","HLA-B - CD8A","MHC-I","Cell-Cell Contact","KEGG: hsa04514"
"MAIT","ctlCD8+T","HLA-B","CD8A",0.169304337224049,0,"HLA-B_CD8A","HLA-B - CD8A","MHC-I","Cell-Cell Contact","KEGG: hsa04514"
"NK","ctlCD8+T","HLA-B","CD8A",0.0723885487710049,0,"HLA-B_CD8A","HLA-B - CD8A","MHC-I","Cell-Cell Contact","KEGG: hsa04514"
"Plasma_B","ctlCD8+T","HLA-B","CD8A",0.192509735333085,0,"HLA-B_CD8A","HLA-B - CD8A","MHC-I","Cell-Cell Contact","KEGG: hsa04514"
"Treg","ctlCD8+T","HLA-B","CD8A",0.159776961633872,0,"HLA-B_CD8A","HLA-B - CD8A","MHC-I","Cell-Cell Contact","KEGG: hsa04514"
"cDC2","ctlCD8+T","HLA-B","CD8A",0.140953110483342,0,"HLA-B_CD8A","HLA-B - CD8A","MHC-I","Cell-Cell Contact","KEGG: hsa04514"
"cmCD8+T","ctlCD8+T","HLA-B","CD8A",0.156414730451982,0,"HLA-B_CD8A","HLA-B - CD8A","MHC-I","Cell-Cell Contact","KEGG: hsa04514"
"ctlCD4+T","ctlCD8+T","HLA-B","CD8A",0.177867735003493,0,"HLA-B_CD8A","HLA-B - CD8A","MHC-I","Cell-Cell Contact","KEGG: hsa04514"
"ctlCD8+T","ctlCD8+T","HLA-B","CD8A",0.0733325786984498,0,"HLA-B_CD8A","HLA-B - CD8A","MHC-I","Cell-Cell Contact","KEGG: hsa04514"
"emCD8+T","ctlCD8+T","HLA-B","CD8A",0.0701029225514,0,"HLA-B_CD8A","HLA-B - CD8A","MHC-I","Cell-Cell Contact","KEGG: hsa04514"
"gdT","ctlCD8+T","HLA-B","CD8A",0.161576029306989,0,"HLA-B_CD8A","HLA-B - CD8A","MHC-I","Cell-Cell Contact","KEGG: hsa04514"
"hCD4+T","ctlCD8+T","HLA-B","CD8A",0.156886185075121,0,"HLA-B_CD8A","HLA-B - CD8A","MHC-I","Cell-Cell Contact","KEGG: hsa04514"
"mB_cells","ctlCD8+T","HLA-B","CD8A",0.146465628737603,0,"HLA-B_CD8A","HLA-B - CD8A","MHC-I","Cell-Cell Contact","KEGG: hsa04514"
"nB_cells","ctlCD8+T","HLA-B","CD8A",0.0612437200659524,0,"HLA-B_CD8A","HLA-B - CD8A","MHC-I","Cell-Cell Contact","KEGG: hsa04514"
"nCD4+T","ctlCD8+T","HLA-B","CD8A",0.066550692424547,0,"HLA-B_CD8A","HLA-B - CD8A","MHC-I","Cell-Cell Contact","KEGG: hsa04514"
"nCD8+T","ctlCD8+T","HLA-B","CD8A",0.0632438500889962,0,"HLA-B_CD8A","HLA-B - CD8A","MHC-I","Cell-Cell Contact","KEGG: hsa04514"
"pDC","ctlCD8+T","HLA-B","CD8A",0.150572370460605,0,"HLA-B_CD8A","HLA-B - CD8A","MHC-I","Cell-Cell Contact","KEGG: hsa04514"
"CD14+Mono","nCD8+T","HLA-B","CD8A",0.0538360542619538,0,"HLA-B_CD8A","HLA-B - CD8A","MHC-I","Cell-Cell Contact","KEGG: hsa04514"
"CD16+Mono","nCD8+T","HLA-B","CD8A",0.175535592503508,0,"HLA-B_CD8A","HLA-B - CD8A","MHC-I","Cell-Cell Contact","KEGG: hsa04514"
"Cycling","nCD8+T","HLA-B","CD8A",0.136569249206764,0,"HLA-B_CD8A","HLA-B - CD8A","MHC-I","Cell-Cell Contact","KEGG: hsa04514"
"MAIT","nCD8+T","HLA-B","CD8A",0.165718257833809,0,"HLA-B_CD8A","HLA-B - CD8A","MHC-I","Cell-Cell Contact","KEGG: hsa04514"
"NK","nCD8+T","HLA-B","CD8A",0.0706806035068954,0,"HLA-B_CD8A","HLA-B - CD8A","MHC-I","Cell-Cell Contact","KEGG: hsa04514"
"Plasma_B","nCD8+T","HLA-B","CD8A",0.18854369696301,0,"HLA-B_CD8A","HLA-B - CD8A","MHC-I","Cell-Cell Contact","KEGG: hsa04514"
"Treg","nCD8+T","HLA-B","CD8A",0.156354700651466,0,"HLA-B_CD8A","HLA-B - CD8A","MHC-I","Cell-Cell Contact","KEGG: hsa04514"
"cDC2","nCD8+T","HLA-B","CD8A",0.137867880337514,0,"HLA-B_CD8A","HLA-B - CD8A","MHC-I","Cell-Cell Contact","KEGG: hsa04514"
"cmCD8+T","nCD8+T","HLA-B","CD8A",0.153051367015729,0,"HLA-B_CD8A","HLA-B - CD8A","MHC-I","Cell-Cell Contact","KEGG: hsa04514"
"ctlCD4+T","nCD8+T","HLA-B","CD8A",0.174138295389548,0,"HLA-B_CD8A","HLA-B - CD8A","MHC-I","Cell-Cell Contact","KEGG: hsa04514"
"ctlCD8+T","nCD8+T","HLA-B","CD8A",0.0716040792028073,0,"HLA-B_CD8A","HLA-B - CD8A","MHC-I","Cell-Cell Contact","KEGG: hsa04514"
"emCD8+T","nCD8+T","HLA-B","CD8A",0.0684449255669193,0,"HLA-B_CD8A","HLA-B - CD8A","MHC-I","Cell-Cell Contact","KEGG: hsa04514"
"gdT","nCD8+T","HLA-B","CD8A",0.158122485908847,0,"HLA-B_CD8A","HLA-B - CD8A","MHC-I","Cell-Cell Contact","KEGG: hsa04514"
"hCD4+T","nCD8+T","HLA-B","CD8A",0.153514528848774,0,"HLA-B_CD8A","HLA-B - CD8A","MHC-I","Cell-Cell Contact","KEGG: hsa04514"
"mB_cells","nCD8+T","HLA-B","CD8A",0.143279863481071,0,"HLA-B_CD8A","HLA-B - CD8A","MHC-I","Cell-Cell Contact","KEGG: hsa04514"
"nB_cells","nCD8+T","HLA-B","CD8A",0.0597817808978473,0,"HLA-B_CD8A","HLA-B - CD8A","MHC-I","Cell-Cell Contact","KEGG: hsa04514"
"nCD4+T","nCD8+T","HLA-B","CD8A",0.0649708389465386,0,"HLA-B_CD8A","HLA-B - CD8A","MHC-I","Cell-Cell Contact","KEGG: hsa04514"
"nCD8+T","nCD8+T","HLA-B","CD8A",0.0617373060689749,0,"HLA-B_CD8A","HLA-B - CD8A","MHC-I","Cell-Cell Contact","KEGG: hsa04514"
"pDC","nCD8+T","HLA-B","CD8A",0.147312696520017,0,"HLA-B_CD8A","HLA-B - CD8A","MHC-I","Cell-Cell Contact","KEGG: hsa04514"
"CD16+Mono","MAIT","HLA-C","CD8A",0.0733188120235509,0,"HLA-C_CD8A","HLA-C - CD8A","MHC-I","Cell-Cell Contact","KEGG: hsa04514"
"Cycling","MAIT","HLA-C","CD8A",0.0272624824663388,0,"HLA-C_CD8A","HLA-C - CD8A","MHC-I","Cell-Cell Contact","KEGG: hsa04514"
"Plasma_B","MAIT","HLA-C","CD8A",0.0526715648447746,0,"HLA-C_CD8A","HLA-C - CD8A","MHC-I","Cell-Cell Contact","KEGG: hsa04514"
"cDC2","MAIT","HLA-C","CD8A",0.0640386523981065,0,"HLA-C_CD8A","HLA-C - CD8A","MHC-I","Cell-Cell Contact","KEGG: hsa04514"
"cmCD8+T","MAIT","HLA-C","CD8A",0.0325018251840477,0,"HLA-C_CD8A","HLA-C - CD8A","MHC-I","Cell-Cell Contact","KEGG: hsa04514"
"gdT","MAIT","HLA-C","CD8A",0.0344599774411146,0.01,"HLA-C_CD8A","HLA-C - CD8A","MHC-I","Cell-Cell Contact","KEGG: hsa04514"
"hCD4+T","MAIT","HLA-C","CD8A",0.0307964234236084,0,"HLA-C_CD8A","HLA-C - CD8A","MHC-I","Cell-Cell Contact","KEGG: hsa04514"
"mB_cells","MAIT","HLA-C","CD8A",0.0280073060836018,0,"HLA-C_CD8A","HLA-C - CD8A","MHC-I","Cell-Cell Contact","KEGG: hsa04514"
"pDC","MAIT","HLA-C","CD8A",0.029798553496204,0,"HLA-C_CD8A","HLA-C - CD8A","MHC-I","Cell-Cell Contact","KEGG: hsa04514"
"CD16+Mono","cmCD8+T","HLA-C","CD8A",0.10396660578227,0,"HLA-C_CD8A","HLA-C - CD8A","MHC-I","Cell-Cell Contact","KEGG: hsa04514"
"Cycling","cmCD8+T","HLA-C","CD8A",0.0394785678703362,0,"HLA-C_CD8A","HLA-C - CD8A","MHC-I","Cell-Cell Contact","KEGG: hsa04514"
"Plasma_B","cmCD8+T","HLA-C","CD8A",0.0753908166533584,0,"HLA-C_CD8A","HLA-C - CD8A","MHC-I","Cell-Cell Contact","KEGG: hsa04514"
"cDC2","cmCD8+T","HLA-C","CD8A",0.0911889979548891,0,"HLA-C_CD8A","HLA-C - CD8A","MHC-I","Cell-Cell Contact","KEGG: hsa04514"
"cmCD8+T","cmCD8+T","HLA-C","CD8A",0.046952295787595,0,"HLA-C_CD8A","HLA-C - CD8A","MHC-I","Cell-Cell Contact","KEGG: hsa04514"
"gdT","cmCD8+T","HLA-C","CD8A",0.0497362968748048,0,"HLA-C_CD8A","HLA-C - CD8A","MHC-I","Cell-Cell Contact","KEGG: hsa04514"
"hCD4+T","cmCD8+T","HLA-C","CD8A",0.0445235572427972,0,"HLA-C_CD8A","HLA-C - CD8A","MHC-I","Cell-Cell Contact","KEGG: hsa04514"
"mB_cells","cmCD8+T","HLA-C","CD8A",0.0405432300838755,0,"HLA-C_CD8A","HLA-C - CD8A","MHC-I","Cell-Cell Contact","KEGG: hsa04514"
"pDC","cmCD8+T","HLA-C","CD8A",0.0431006786793143,0,"HLA-C_CD8A","HLA-C - CD8A","MHC-I","Cell-Cell Contact","KEGG: hsa04514"
"CD16+Mono","ctlCD8+T","HLA-C","CD8A",0.125445333661029,0,"HLA-C_CD8A","HLA-C - CD8A","MHC-I","Cell-Cell Contact","KEGG: hsa04514"
"Cycling","ctlCD8+T","HLA-C","CD8A",0.0483534945872484,0,"HLA-C_CD8A","HLA-C - CD8A","MHC-I","Cell-Cell Contact","KEGG: hsa04514"
"Plasma_B","ctlCD8+T","HLA-C","CD8A",0.0915693063255837,0,"HLA-C_CD8A","HLA-C - CD8A","MHC-I","Cell-Cell Contact","KEGG: hsa04514"
"cDC2","ctlCD8+T","HLA-C","CD8A",0.110353072665337,0,"HLA-C_CD8A","HLA-C - CD8A","MHC-I","Cell-Cell Contact","KEGG: hsa04514"
"cmCD8+T","ctlCD8+T","HLA-C","CD8A",0.0574069290803895,0,"HLA-C_CD8A","HLA-C - CD8A","MHC-I","Cell-Cell Contact","KEGG: hsa04514"
"gdT","ctlCD8+T","HLA-C","CD8A",0.0607713017512807,0,"HLA-C_CD8A","HLA-C - CD8A","MHC-I","Cell-Cell Contact","KEGG: hsa04514"
"hCD4+T","ctlCD8+T","HLA-C","CD8A",0.0544683028114701,0,"HLA-C_CD8A","HLA-C - CD8A","MHC-I","Cell-Cell Contact","KEGG: hsa04514"
"mB_cells","ctlCD8+T","HLA-C","CD8A",0.0496451263378487,0,"HLA-C_CD8A","HLA-C - CD8A","MHC-I","Cell-Cell Contact","KEGG: hsa04514"
"pDC","ctlCD8+T","HLA-C","CD8A",0.0527451554756943,0,"HLA-C_CD8A","HLA-C - CD8A","MHC-I","Cell-Cell Contact","KEGG: hsa04514"
"CD16+Mono","nCD8+T","HLA-C","CD8A",0.122651079323723,0,"HLA-C_CD8A","HLA-C - CD8A","MHC-I","Cell-Cell Contact","KEGG: hsa04514"
"Cycling","nCD8+T","HLA-C","CD8A",0.0471837903038814,0,"HLA-C_CD8A","HLA-C - CD8A","MHC-I","Cell-Cell Contact","KEGG: hsa04514"
"Plasma_B","nCD8+T","HLA-C","CD8A",0.0894524487872181,0,"HLA-C_CD8A","HLA-C - CD8A","MHC-I","Cell-Cell Contact","KEGG: hsa04514"
"cDC2","nCD8+T","HLA-C","CD8A",0.10785353511403,0,"HLA-C_CD8A","HLA-C - CD8A","MHC-I","Cell-Cell Contact","KEGG: hsa04514"
"cmCD8+T","nCD8+T","HLA-C","CD8A",0.0560311108073079,0,"HLA-C_CD8A","HLA-C - CD8A","MHC-I","Cell-Cell Contact","KEGG: hsa04514"
"gdT","nCD8+T","HLA-C","CD8A",0.0593199270120529,0,"HLA-C_CD8A","HLA-C - CD8A","MHC-I","Cell-Cell Contact","KEGG: hsa04514"
"hCD4+T","nCD8+T","HLA-C","CD8A",0.0531589399974613,0,"HLA-C_CD8A","HLA-C - CD8A","MHC-I","Cell-Cell Contact","KEGG: hsa04514"
"mB_cells","nCD8+T","HLA-C","CD8A",0.0484457672167161,0,"HLA-C_CD8A","HLA-C - CD8A","MHC-I","Cell-Cell Contact","KEGG: hsa04514"
"pDC","nCD8+T","HLA-C","CD8A",0.0514749603157268,0,"HLA-C_CD8A","HLA-C - CD8A","MHC-I","Cell-Cell Contact","KEGG: hsa04514"
"CD16+Mono","MAIT","HLA-E","CD8A",0.0772973696705597,0,"HLA-E_CD8A","HLA-E - CD8A","MHC-I","Cell-Cell Contact","KEGG: hsa04514"
"Cycling","MAIT","HLA-E","CD8A",0.00999969675866122,0.01,"HLA-E_CD8A","HLA-E - CD8A","MHC-I","Cell-Cell Contact","KEGG: hsa04514"
"MAIT","MAIT","HLA-E","CD8A",0.119833891639507,0,"HLA-E_CD8A","HLA-E - CD8A","MHC-I","Cell-Cell Contact","KEGG: hsa04514"
"Plasma_B","MAIT","HLA-E","CD8A",0.0859310139636402,0,"HLA-E_CD8A","HLA-E - CD8A","MHC-I","Cell-Cell Contact","KEGG: hsa04514"
"Treg","MAIT","HLA-E","CD8A",0.0342202310193346,0,"HLA-E_CD8A","HLA-E - CD8A","MHC-I","Cell-Cell Contact","KEGG: hsa04514"
"cDC2","MAIT","HLA-E","CD8A",0.0268820417151809,0,"HLA-E_CD8A","HLA-E - CD8A","MHC-I","Cell-Cell Contact","KEGG: hsa04514"
"cmCD8+T","MAIT","HLA-E","CD8A",0.0325816065068832,0,"HLA-E_CD8A","HLA-E - CD8A","MHC-I","Cell-Cell Contact","KEGG: hsa04514"
"ctlCD4+T","MAIT","HLA-E","CD8A",0.0171351127648163,0.02,"HLA-E_CD8A","HLA-E - CD8A","MHC-I","Cell-Cell Contact","KEGG: hsa04514"
"emCD8+T","MAIT","HLA-E","CD8A",0.0348117961211692,0,"HLA-E_CD8A","HLA-E - CD8A","MHC-I","Cell-Cell Contact","KEGG: hsa04514"
"gdT","MAIT","HLA-E","CD8A",0.0623555931799209,0,"HLA-E_CD8A","HLA-E - CD8A","MHC-I","Cell-Cell Contact","KEGG: hsa04514"
"hCD4+T","MAIT","HLA-E","CD8A",0.0341137050621591,0,"HLA-E_CD8A","HLA-E - CD8A","MHC-I","Cell-Cell Contact","KEGG: hsa04514"
"mB_cells","MAIT","HLA-E","CD8A",0.0310857994997704,0.01,"HLA-E_CD8A","HLA-E - CD8A","MHC-I","Cell-Cell Contact","KEGG: hsa04514"
"nCD8+T","MAIT","HLA-E","CD8A",0.0342842830293879,0,"HLA-E_CD8A","HLA-E - CD8A","MHC-I","Cell-Cell Contact","KEGG: hsa04514"
"CD16+Mono","cmCD8+T","HLA-E","CD8A",0.109411873582177,0,"HLA-E_CD8A","HLA-E - CD8A","MHC-I","Cell-Cell Contact","KEGG: hsa04514"
"Cycling","cmCD8+T","HLA-E","CD8A",0.0145965486427924,0,"HLA-E_CD8A","HLA-E - CD8A","MHC-I","Cell-Cell Contact","KEGG: hsa04514"
"MAIT","cmCD8+T","HLA-E","CD8A",0.166433220595402,0,"HLA-E_CD8A","HLA-E - CD8A","MHC-I","Cell-Cell Contact","KEGG: hsa04514"
"Plasma_B","cmCD8+T","HLA-E","CD8A",0.121161498213813,0,"HLA-E_CD8A","HLA-E - CD8A","MHC-I","Cell-Cell Contact","KEGG: hsa04514"
"Treg","cmCD8+T","HLA-E","CD8A",0.0493957065868654,0,"HLA-E_CD8A","HLA-E - CD8A","MHC-I","Cell-Cell Contact","KEGG: hsa04514"
"cDC2","cmCD8+T","HLA-E","CD8A",0.0389344781371542,0,"HLA-E_CD8A","HLA-E - CD8A","MHC-I","Cell-Cell Contact","KEGG: hsa04514"
"cmCD8+T","cmCD8+T","HLA-E","CD8A",0.0470658227135552,0,"HLA-E_CD8A","HLA-E - CD8A","MHC-I","Cell-Cell Contact","KEGG: hsa04514"
"ctlCD4+T","cmCD8+T","HLA-E","CD8A",0.0249295108109228,0,"HLA-E_CD8A","HLA-E - CD8A","MHC-I","Cell-Cell Contact","KEGG: hsa04514"
"emCD8+T","cmCD8+T","HLA-E","CD8A",0.0502359643346681,0,"HLA-E_CD8A","HLA-E - CD8A","MHC-I","Cell-Cell Contact","KEGG: hsa04514"
"gdT","cmCD8+T","HLA-E","CD8A",0.0888601209965542,0,"HLA-E_CD8A","HLA-E - CD8A","MHC-I","Cell-Cell Contact","KEGG: hsa04514"
"hCD4+T","cmCD8+T","HLA-E","CD8A",0.0492443488512294,0,"HLA-E_CD8A","HLA-E - CD8A","MHC-I","Cell-Cell Contact","KEGG: hsa04514"
"mB_cells","cmCD8+T","HLA-E","CD8A",0.0449359389370191,0,"HLA-E_CD8A","HLA-E - CD8A","MHC-I","Cell-Cell Contact","KEGG: hsa04514"
"nCD8+T","cmCD8+T","HLA-E","CD8A",0.0494867079553082,0,"HLA-E_CD8A","HLA-E - CD8A","MHC-I","Cell-Cell Contact","KEGG: hsa04514"
"CD16+Mono","ctlCD8+T","HLA-E","CD8A",0.131850018271182,0,"HLA-E_CD8A","HLA-E - CD8A","MHC-I","Cell-Cell Contact","KEGG: hsa04514"
"Cycling","ctlCD8+T","HLA-E","CD8A",0.0179826275807651,0,"HLA-E_CD8A","HLA-E - CD8A","MHC-I","Cell-Cell Contact","KEGG: hsa04514"
"MAIT","ctlCD8+T","HLA-E","CD8A",0.197965879327774,0,"HLA-E_CD8A","HLA-E - CD8A","MHC-I","Cell-Cell Contact","KEGG: hsa04514"
"Plasma_B","ctlCD8+T","HLA-E","CD8A",0.145615269267896,0,"HLA-E_CD8A","HLA-E - CD8A","MHC-I","Cell-Cell Contact","KEGG: hsa04514"
"Treg","ctlCD8+T","HLA-E","CD8A",0.0603599445517503,0,"HLA-E_CD8A","HLA-E - CD8A","MHC-I","Cell-Cell Contact","KEGG: hsa04514"
"cDC2","ctlCD8+T","HLA-E","CD8A",0.0476931647640933,0,"HLA-E_CD8A","HLA-E - CD8A","MHC-I","Cell-Cell Contact","KEGG: hsa04514"
"cmCD8+T","ctlCD8+T","HLA-E","CD8A",0.0575442081874612,0,"HLA-E_CD8A","HLA-E - CD8A","MHC-I","Cell-Cell Contact","KEGG: hsa04514"
"ctlCD4+T","ctlCD8+T","HLA-E","CD8A",0.0306380822361114,0,"HLA-E_CD8A","HLA-E - CD8A","MHC-I","Cell-Cell Contact","KEGG: hsa04514"
"emCD8+T","ctlCD8+T","HLA-E","CD8A",0.0613746703574691,0,"HLA-E_CD8A","HLA-E - CD8A","MHC-I","Cell-Cell Contact","KEGG: hsa04514"
"gdT","ctlCD8+T","HLA-E","CD8A",0.107592707195242,0,"HLA-E_CD8A","HLA-E - CD8A","MHC-I","Cell-Cell Contact","KEGG: hsa04514"
"hCD4+T","ctlCD8+T","HLA-E","CD8A",0.0601771171230266,0,"HLA-E_CD8A","HLA-E - CD8A","MHC-I","Cell-Cell Contact","KEGG: hsa04514"
"mB_cells","ctlCD8+T","HLA-E","CD8A",0.0549674948039144,0,"HLA-E_CD8A","HLA-E - CD8A","MHC-I","Cell-Cell Contact","KEGG: hsa04514"
"nCD8+T","ctlCD8+T","HLA-E","CD8A",0.0604698603391022,0,"HLA-E_CD8A","HLA-E - CD8A","MHC-I","Cell-Cell Contact","KEGG: hsa04514"
"CD16+Mono","nCD8+T","HLA-E","CD8A",0.128934134112636,0,"HLA-E_CD8A","HLA-E - CD8A","MHC-I","Cell-Cell Contact","KEGG: hsa04514"
"Cycling","nCD8+T","HLA-E","CD8A",0.0175340787574647,0,"HLA-E_CD8A","HLA-E - CD8A","MHC-I","Cell-Cell Contact","KEGG: hsa04514"
"MAIT","nCD8+T","HLA-E","CD8A",0.193914428544809,0,"HLA-E_CD8A","HLA-E - CD8A","MHC-I","Cell-Cell Contact","KEGG: hsa04514"
"Plasma_B","nCD8+T","HLA-E","CD8A",0.14244491334397,0,"HLA-E_CD8A","HLA-E - CD8A","MHC-I","Cell-Cell Contact","KEGG: hsa04514"
"Treg","nCD8+T","HLA-E","CD8A",0.058917777802944,0,"HLA-E_CD8A","HLA-E - CD8A","MHC-I","Cell-Cell Contact","KEGG: hsa04514"
"cDC2","nCD8+T","HLA-E","CD8A",0.0465386531401124,0,"HLA-E_CD8A","HLA-E - CD8A","MHC-I","Cell-Cell Contact","KEGG: hsa04514"
"cmCD8+T","nCD8+T","HLA-E","CD8A",0.0561652959143304,0,"HLA-E_CD8A","HLA-E - CD8A","MHC-I","Cell-Cell Contact","KEGG: hsa04514"
"ctlCD4+T","nCD8+T","HLA-E","CD8A",0.0298834687553724,0,"HLA-E_CD8A","HLA-E - CD8A","MHC-I","Cell-Cell Contact","KEGG: hsa04514"
"emCD8+T","nCD8+T","HLA-E","CD8A",0.0599098047847789,0,"HLA-E_CD8A","HLA-E - CD8A","MHC-I","Cell-Cell Contact","KEGG: hsa04514"
"gdT","nCD8+T","HLA-E","CD8A",0.105148303240593,0,"HLA-E_CD8A","HLA-E - CD8A","MHC-I","Cell-Cell Contact","KEGG: hsa04514"
"hCD4+T","nCD8+T","HLA-E","CD8A",0.0587390455597633,0,"HLA-E_CD8A","HLA-E - CD8A","MHC-I","Cell-Cell Contact","KEGG: hsa04514"
"mB_cells","nCD8+T","HLA-E","CD8A",0.0536468127704249,0,"HLA-E_CD8A","HLA-E - CD8A","MHC-I","Cell-Cell Contact","KEGG: hsa04514"
"nCD8+T","nCD8+T","HLA-E","CD8A",0.0590252323660156,0,"HLA-E_CD8A","HLA-E - CD8A","MHC-I","Cell-Cell Contact","KEGG: hsa04514"
"MAIT","MAIT","HLA-F","CD8A",0.0224964984298293,0,"HLA-F_CD8A","HLA-F - CD8A","MHC-I","Cell-Cell Contact","KEGG: hsa04514"
"MAIT","cmCD8+T","HLA-F","CD8A",0.0326486656353006,0,"HLA-F_CD8A","HLA-F - CD8A","MHC-I","Cell-Cell Contact","KEGG: hsa04514"
"MAIT","ctlCD8+T","HLA-F","CD8A",0.0400522285211592,0,"HLA-F_CD8A","HLA-F - CD8A","MHC-I","Cell-Cell Contact","KEGG: hsa04514"
"MAIT","nCD8+T","HLA-F","CD8A",0.039075092073948,0,"HLA-F_CD8A","HLA-F - CD8A","MHC-I","Cell-Cell Contact","KEGG: hsa04514"
"CD16+Mono","MAIT","HLA-A","CD8B",0.0803618546759074,0,"HLA-A_CD8B","HLA-A - CD8B","MHC-I","Cell-Cell Contact","KEGG: hsa04514"
"Cycling","MAIT","HLA-A","CD8B",0.0864030925365094,0,"HLA-A_CD8B","HLA-A - CD8B","MHC-I","Cell-Cell Contact","KEGG: hsa04514"
"MAIT","MAIT","HLA-A","CD8B",0.103444428856821,0,"HLA-A_CD8B","HLA-A - CD8B","MHC-I","Cell-Cell Contact","KEGG: hsa04514"
"NK","MAIT","HLA-A","CD8B",0.0355768994808129,0,"HLA-A_CD8B","HLA-A - CD8B","MHC-I","Cell-Cell Contact","KEGG: hsa04514"
"Plasma_B","MAIT","HLA-A","CD8B",0.0992654504582174,0,"HLA-A_CD8B","HLA-A - CD8B","MHC-I","Cell-Cell Contact","KEGG: hsa04514"
"Treg","MAIT","HLA-A","CD8B",0.0402059782426284,0,"HLA-A_CD8B","HLA-A - CD8B","MHC-I","Cell-Cell Contact","KEGG: hsa04514"
"cDC2","MAIT","HLA-A","CD8B",0.074783949835093,0,"HLA-A_CD8B","HLA-A - CD8B","MHC-I","Cell-Cell Contact","KEGG: hsa04514"
"cmCD8+T","MAIT","HLA-A","CD8B",0.088284805349322,0,"HLA-A_CD8B","HLA-A - CD8B","MHC-I","Cell-Cell Contact","KEGG: hsa04514"
"ctlCD4+T","MAIT","HLA-A","CD8B",0.0197327249457096,0,"HLA-A_CD8B","HLA-A - CD8B","MHC-I","Cell-Cell Contact","KEGG: hsa04514"
"ctlCD8+T","MAIT","HLA-A","CD8B",0.0398586246086484,0,"HLA-A_CD8B","HLA-A - CD8B","MHC-I","Cell-Cell Contact","KEGG: hsa04514"
"emCD8+T","MAIT","HLA-A","CD8B",0.0400373725479254,0,"HLA-A_CD8B","HLA-A - CD8B","MHC-I","Cell-Cell Contact","KEGG: hsa04514"
"gdT","MAIT","HLA-A","CD8B",0.100298513829882,0,"HLA-A_CD8B","HLA-A - CD8B","MHC-I","Cell-Cell Contact","KEGG: hsa04514"
"hCD4+T","MAIT","HLA-A","CD8B",0.038195534460129,0,"HLA-A_CD8B","HLA-A - CD8B","MHC-I","Cell-Cell Contact","KEGG: hsa04514"
"mB_cells","MAIT","HLA-A","CD8B",0.0338350905242839,0.01,"HLA-A_CD8B","HLA-A - CD8B","MHC-I","Cell-Cell Contact","KEGG: hsa04514"
"nCD8+T","MAIT","HLA-A","CD8B",0.0331359061979449,0,"HLA-A_CD8B","HLA-A - CD8B","MHC-I","Cell-Cell Contact","KEGG: hsa04514"
"pDC","MAIT","HLA-A","CD8B",0.0322563302520964,0,"HLA-A_CD8B","HLA-A - CD8B","MHC-I","Cell-Cell Contact","KEGG: hsa04514"
"CD16+Mono","nCD8+T","HLA-A","CD8B",0.125227199351682,0,"HLA-A_CD8B","HLA-A - CD8B","MHC-I","Cell-Cell Contact","KEGG: hsa04514"
"Cycling","nCD8+T","HLA-A","CD8B",0.134149217148532,0,"HLA-A_CD8B","HLA-A - CD8B","MHC-I","Cell-Cell Contact","KEGG: hsa04514"
"MAIT","nCD8+T","HLA-A","CD8B",0.158968962032949,0,"HLA-A_CD8B","HLA-A - CD8B","MHC-I","Cell-Cell Contact","KEGG: hsa04514"
"NK","nCD8+T","HLA-A","CD8B",0.0569885838740138,0,"HLA-A_CD8B","HLA-A - CD8B","MHC-I","Cell-Cell Contact","KEGG: hsa04514"
"Plasma_B","nCD8+T","HLA-A","CD8B",0.152929502251036,0,"HLA-A_CD8B","HLA-A - CD8B","MHC-I","Cell-Cell Contact","KEGG: hsa04514"
"Treg","nCD8+T","HLA-A","CD8B",0.0642181282161496,0,"HLA-A_CD8B","HLA-A - CD8B","MHC-I","Cell-Cell Contact","KEGG: hsa04514"
"cDC2","nCD8+T","HLA-A","CD8B",0.11693115196821,0,"HLA-A_CD8B","HLA-A - CD8B","MHC-I","Cell-Cell Contact","KEGG: hsa04514"
"cmCD8+T","nCD8+T","HLA-A","CD8B",0.136914926960616,0,"HLA-A_CD8B","HLA-A - CD8B","MHC-I","Cell-Cell Contact","KEGG: hsa04514"
"ctlCD4+T","nCD8+T","HLA-A","CD8B",0.031924365170541,0,"HLA-A_CD8B","HLA-A - CD8B","MHC-I","Cell-Cell Contact","KEGG: hsa04514"
"ctlCD8+T","nCD8+T","HLA-A","CD8B",0.063677088281591,0,"HLA-A_CD8B","HLA-A - CD8B","MHC-I","Cell-Cell Contact","KEGG: hsa04514"
"emCD8+T","nCD8+T","HLA-A","CD8B",0.0639555362700623,0,"HLA-A_CD8B","HLA-A - CD8B","MHC-I","Cell-Cell Contact","KEGG: hsa04514"
"gdT","nCD8+T","HLA-A","CD8B",0.154425302708402,0,"HLA-A_CD8B","HLA-A - CD8B","MHC-I","Cell-Cell Contact","KEGG: hsa04514"
"hCD4+T","nCD8+T","HLA-A","CD8B",0.0610834052258731,0,"HLA-A_CD8B","HLA-A - CD8B","MHC-I","Cell-Cell Contact","KEGG: hsa04514"
"mB_cells","nCD8+T","HLA-A","CD8B",0.0542574565098636,0,"HLA-A_CD8B","HLA-A - CD8B","MHC-I","Cell-Cell Contact","KEGG: hsa04514"
"nCD8+T","nCD8+T","HLA-A","CD8B",0.0531594746176529,0,"HLA-A_CD8B","HLA-A - CD8B","MHC-I","Cell-Cell Contact","KEGG: hsa04514"
"pDC","nCD8+T","HLA-A","CD8B",0.0517768464878797,0,"HLA-A_CD8B","HLA-A - CD8B","MHC-I","Cell-Cell Contact","KEGG: hsa04514"
"CD14+Mono","MAIT","HLA-B","CD8B",0.0329785696251731,0.02,"HLA-B_CD8B","HLA-B - CD8B","MHC-I","Cell-Cell Contact","KEGG: hsa04514"
"CD16+Mono","MAIT","HLA-B","CD8B",0.113167972698042,0,"HLA-B_CD8B","HLA-B - CD8B","MHC-I","Cell-Cell Contact","KEGG: hsa04514"
"Cycling","MAIT","HLA-B","CD8B",0.0865922439748165,0,"HLA-B_CD8B","HLA-B - CD8B","MHC-I","Cell-Cell Contact","KEGG: hsa04514"
"MAIT","MAIT","HLA-B","CD8B",0.106388625265006,0.01,"HLA-B_CD8B","HLA-B - CD8B","MHC-I","Cell-Cell Contact","KEGG: hsa04514"
"NK","MAIT","HLA-B","CD8B",0.0435978123095895,0.01,"HLA-B_CD8B","HLA-B - CD8B","MHC-I","Cell-Cell Contact","KEGG: hsa04514"
"Plasma_B","MAIT","HLA-B","CD8B",0.122239558830205,0,"HLA-B_CD8B","HLA-B - CD8B","MHC-I","Cell-Cell Contact","KEGG: hsa04514"
"Treg","MAIT","HLA-B","CD8B",0.0999756424363683,0,"HLA-B_CD8B","HLA-B - CD8B","MHC-I","Cell-Cell Contact","KEGG: hsa04514"
"cDC2","MAIT","HLA-B","CD8B",0.0874637856621755,0,"HLA-B_CD8B","HLA-B - CD8B","MHC-I","Cell-Cell Contact","KEGG: hsa04514"
"cmCD8+T","MAIT","HLA-B","CD8B",0.0977254620694791,0,"HLA-B_CD8B","HLA-B - CD8B","MHC-I","Cell-Cell Contact","KEGG: hsa04514"
"ctlCD4+T","MAIT","HLA-B","CD8B",0.112199571918574,0,"HLA-B_CD8B","HLA-B - CD8B","MHC-I","Cell-Cell Contact","KEGG: hsa04514"
"ctlCD8+T","MAIT","HLA-B","CD8B",0.0441842621493255,0.01,"HLA-B_CD8B","HLA-B - CD8B","MHC-I","Cell-Cell Contact","KEGG: hsa04514"
"emCD8+T","MAIT","HLA-B","CD8B",0.0421799008905277,0.01,"HLA-B_CD8B","HLA-B - CD8B","MHC-I","Cell-Cell Contact","KEGG: hsa04514"
"gdT","MAIT","HLA-B","CD8B",0.101182442727048,0,"HLA-B_CD8B","HLA-B - CD8B","MHC-I","Cell-Cell Contact","KEGG: hsa04514"
"hCD4+T","MAIT","HLA-B","CD8B",0.0980405783014706,0,"HLA-B_CD8B","HLA-B - CD8B","MHC-I","Cell-Cell Contact","KEGG: hsa04514"
"mB_cells","MAIT","HLA-B","CD8B",0.0911062536868781,0,"HLA-B_CD8B","HLA-B - CD8B","MHC-I","Cell-Cell Contact","KEGG: hsa04514"
"nB_cells","MAIT","HLA-B","CD8B",0.0367101418883671,0.02,"HLA-B_CD8B","HLA-B - CD8B","MHC-I","Cell-Cell Contact","KEGG: hsa04514"
"nCD4+T","MAIT","HLA-B","CD8B",0.0399817409973128,0.02,"HLA-B_CD8B","HLA-B - CD8B","MHC-I","Cell-Cell Contact","KEGG: hsa04514"
"nCD8+T","MAIT","HLA-B","CD8B",0.0379414243444283,0.02,"HLA-B_CD8B","HLA-B - CD8B","MHC-I","Cell-Cell Contact","KEGG: hsa04514"
"pDC","MAIT","HLA-B","CD8B",0.0938314166434524,0,"HLA-B_CD8B","HLA-B - CD8B","MHC-I","Cell-Cell Contact","KEGG: hsa04514"
"CD14+Mono","nCD8+T","HLA-B","CD8B",0.052912264849344,0,"HLA-B_CD8B","HLA-B - CD8B","MHC-I","Cell-Cell Contact","KEGG: hsa04514"
"CD16+Mono","nCD8+T","HLA-B","CD8B",0.172905142473676,0,"HLA-B_CD8B","HLA-B - CD8B","MHC-I","Cell-Cell Contact","KEGG: hsa04514"
"Cycling","nCD8+T","HLA-B","CD8B",0.134427513332951,0,"HLA-B_CD8B","HLA-B - CD8B","MHC-I","Cell-Cell Contact","KEGG: hsa04514"
"MAIT","nCD8+T","HLA-B","CD8B",0.163205801250926,0,"HLA-B_CD8B","HLA-B - CD8B","MHC-I","Cell-Cell Contact","KEGG: hsa04514"
"NK","nCD8+T","HLA-B","CD8B",0.0694890012808685,0,"HLA-B_CD8B","HLA-B - CD8B","MHC-I","Cell-Cell Contact","KEGG: hsa04514"
"Plasma_B","nCD8+T","HLA-B","CD8B",0.18576223705314,0,"HLA-B_CD8B","HLA-B - CD8B","MHC-I","Cell-Cell Contact","KEGG: hsa04514"
"Treg","nCD8+T","HLA-B","CD8B",0.153958007650663,0,"HLA-B_CD8B","HLA-B - CD8B","MHC-I","Cell-Cell Contact","KEGG: hsa04514"
"cDC2","nCD8+T","HLA-B","CD8B",0.135708979746413,0,"HLA-B_CD8B","HLA-B - CD8B","MHC-I","Cell-Cell Contact","KEGG: hsa04514"
"cmCD8+T","nCD8+T","HLA-B","CD8B",0.150696264626618,0,"HLA-B_CD8B","HLA-B - CD8B","MHC-I","Cell-Cell Contact","KEGG: hsa04514"
"ctlCD4+T","nCD8+T","HLA-B","CD8B",0.171524428049564,0,"HLA-B_CD8B","HLA-B - CD8B","MHC-I","Cell-Cell Contact","KEGG: hsa04514"
"ctlCD8+T","nCD8+T","HLA-B","CD8B",0.0703980875033213,0,"HLA-B_CD8B","HLA-B - CD8B","MHC-I","Cell-Cell Contact","KEGG: hsa04514"
"emCD8+T","nCD8+T","HLA-B","CD8B",0.0672882854993274,0,"HLA-B_CD8B","HLA-B - CD8B","MHC-I","Cell-Cell Contact","KEGG: hsa04514"
"gdT","nCD8+T","HLA-B","CD8B",0.155703696450413,0,"HLA-B_CD8B","HLA-B - CD8B","MHC-I","Cell-Cell Contact","KEGG: hsa04514"
"hCD4+T","nCD8+T","HLA-B","CD8B",0.151153571423056,0,"HLA-B_CD8B","HLA-B - CD8B","MHC-I","Cell-Cell Contact","KEGG: hsa04514"
"mB_cells","nCD8+T","HLA-B","CD8B",0.14105008074774,0,"HLA-B_CD8B","HLA-B - CD8B","MHC-I","Cell-Cell Contact","KEGG: hsa04514"
"nB_cells","nCD8+T","HLA-B","CD8B",0.0587623032533939,0,"HLA-B_CD8B","HLA-B - CD8B","MHC-I","Cell-Cell Contact","KEGG: hsa04514"
"nCD4+T","nCD8+T","HLA-B","CD8B",0.0638688818081777,0,"HLA-B_CD8B","HLA-B - CD8B","MHC-I","Cell-Cell Contact","KEGG: hsa04514"
"nCD8+T","nCD8+T","HLA-B","CD8B",0.0606866327021197,0,"HLA-B_CD8B","HLA-B - CD8B","MHC-I","Cell-Cell Contact","KEGG: hsa04514"
"pDC","nCD8+T","HLA-B","CD8B",0.145030777616089,0,"HLA-B_CD8B","HLA-B - CD8B","MHC-I","Cell-Cell Contact","KEGG: hsa04514"
"CD16+Mono","MAIT","HLA-C","CD8B",0.0773113235254896,0,"HLA-C_CD8B","HLA-C - CD8B","MHC-I","Cell-Cell Contact","KEGG: hsa04514"
"Cycling","MAIT","HLA-C","CD8B",0.0288250487078286,0,"HLA-C_CD8B","HLA-C - CD8B","MHC-I","Cell-Cell Contact","KEGG: hsa04514"
"Plasma_B","MAIT","HLA-C","CD8B",0.0556072159995419,0,"HLA-C_CD8B","HLA-C - CD8B","MHC-I","Cell-Cell Contact","KEGG: hsa04514"
"cDC2","MAIT","HLA-C","CD8B",0.067562664607878,0,"HLA-C_CD8B","HLA-C - CD8B","MHC-I","Cell-Cell Contact","KEGG: hsa04514"
"cmCD8+T","MAIT","HLA-C","CD8B",0.034354082098112,0,"HLA-C_CD8B","HLA-C - CD8B","MHC-I","Cell-Cell Contact","KEGG: hsa04514"
"gdT","MAIT","HLA-C","CD8B",0.0364196273857406,0,"HLA-C_CD8B","HLA-C - CD8B","MHC-I","Cell-Cell Contact","KEGG: hsa04514"
"hCD4+T","MAIT","HLA-C","CD8B",0.0325547609281011,0,"HLA-C_CD8B","HLA-C - CD8B","MHC-I","Cell-Cell Contact","KEGG: hsa04514"
"mB_cells","MAIT","HLA-C","CD8B",0.0296112628224944,0,"HLA-C_CD8B","HLA-C - CD8B","MHC-I","Cell-Cell Contact","KEGG: hsa04514"
"pDC","MAIT","HLA-C","CD8B",0.0315017689156247,0,"HLA-C_CD8B","HLA-C - CD8B","MHC-I","Cell-Cell Contact","KEGG: hsa04514"
"CD16+Mono","nCD8+T","HLA-C","CD8B",0.120697102426716,0,"HLA-C_CD8B","HLA-C - CD8B","MHC-I","Cell-Cell Contact","KEGG: hsa04514"
"Cycling","nCD8+T","HLA-C","CD8B",0.0463685550837427,0,"HLA-C_CD8B","HLA-C - CD8B","MHC-I","Cell-Cell Contact","KEGG: hsa04514"
"Plasma_B","nCD8+T","HLA-C","CD8B",0.0879743316871748,0,"HLA-C_CD8B","HLA-C - CD8B","MHC-I","Cell-Cell Contact","KEGG: hsa04514"
"cDC2","nCD8+T","HLA-C","CD8B",0.106106789872326,0,"HLA-C_CD8B","HLA-C - CD8B","MHC-I","Cell-Cell Contact","KEGG: hsa04514"
"cmCD8+T","nCD8+T","HLA-C","CD8B",0.0550718480884691,0,"HLA-C_CD8B","HLA-C - CD8B","MHC-I","Cell-Cell Contact","KEGG: hsa04514"
"gdT","nCD8+T","HLA-C","CD8B",0.0583078370676281,0,"HLA-C_CD8B","HLA-C - CD8B","MHC-I","Cell-Cell Contact","KEGG: hsa04514"
"hCD4+T","nCD8+T","HLA-C","CD8B",0.0522461278188075,0,"HLA-C_CD8B","HLA-C - CD8B","MHC-I","Cell-Cell Contact","KEGG: hsa04514"
"mB_cells","nCD8+T","HLA-C","CD8B",0.0476098172323787,0,"HLA-C_CD8B","HLA-C - CD8B","MHC-I","Cell-Cell Contact","KEGG: hsa04514"
"pDC","nCD8+T","HLA-C","CD8B",0.0505895193972439,0,"HLA-C_CD8B","HLA-C - CD8B","MHC-I","Cell-Cell Contact","KEGG: hsa04514"
"CD16+Mono","MAIT","HLA-E","CD8B",0.0814874790706045,0,"HLA-E_CD8B","HLA-E - CD8B","MHC-I","Cell-Cell Contact","KEGG: hsa04514"
"Cycling","MAIT","HLA-E","CD8B",0.0105836008255655,0.01,"HLA-E_CD8B","HLA-E - CD8B","MHC-I","Cell-Cell Contact","KEGG: hsa04514"
"MAIT","MAIT","HLA-E","CD8B",0.126014898963359,0,"HLA-E_CD8B","HLA-E - CD8B","MHC-I","Cell-Cell Contact","KEGG: hsa04514"
"Plasma_B","MAIT","HLA-E","CD8B",0.0905432080293017,0.01,"HLA-E_CD8B","HLA-E - CD8B","MHC-I","Cell-Cell Contact","KEGG: hsa04514"
"Treg","MAIT","HLA-E","CD8B",0.0361667578911222,0,"HLA-E_CD8B","HLA-E - CD8B","MHC-I","Cell-Cell Contact","KEGG: hsa04514"
"cDC2","MAIT","HLA-E","CD8B",0.0284234399060134,0,"HLA-E_CD8B","HLA-E - CD8B","MHC-I","Cell-Cell Contact","KEGG: hsa04514"
"cmCD8+T","MAIT","HLA-E","CD8B",0.0344382482643783,0.01,"HLA-E_CD8B","HLA-E - CD8B","MHC-I","Cell-Cell Contact","KEGG: hsa04514"
"ctlCD4+T","MAIT","HLA-E","CD8B",0.0181280399245816,0.01,"HLA-E_CD8B","HLA-E - CD8B","MHC-I","Cell-Cell Contact","KEGG: hsa04514"
"emCD8+T","MAIT","HLA-E","CD8B",0.0367906907433808,0,"HLA-E_CD8B","HLA-E - CD8B","MHC-I","Cell-Cell Contact","KEGG: hsa04514"
"gdT","MAIT","HLA-E","CD8B",0.065793498136375,0,"HLA-E_CD8B","HLA-E - CD8B","MHC-I","Cell-Cell Contact","KEGG: hsa04514"
"hCD4+T","MAIT","HLA-E","CD8B",0.0360543986987163,0,"HLA-E_CD8B","HLA-E - CD8B","MHC-I","Cell-Cell Contact","KEGG: hsa04514"
"mB_cells","MAIT","HLA-E","CD8B",0.0328600989107563,0.01,"HLA-E_CD8B","HLA-E - CD8B","MHC-I","Cell-Cell Contact","KEGG: hsa04514"
"nCD8+T","MAIT","HLA-E","CD8B",0.0362343166346289,0,"HLA-E_CD8B","HLA-E - CD8B","MHC-I","Cell-Cell Contact","KEGG: hsa04514"
"CD16+Mono","nCD8+T","HLA-E","CD8B",0.126894538078037,0,"HLA-E_CD8B","HLA-E - CD8B","MHC-I","Cell-Cell Contact","KEGG: hsa04514"
"Cycling","nCD8+T","HLA-E","CD8B",0.0172218679135547,0,"HLA-E_CD8B","HLA-E - CD8B","MHC-I","Cell-Cell Contact","KEGG: hsa04514"
"MAIT","nCD8+T","HLA-E","CD8B",0.191072394165237,0,"HLA-E_CD8B","HLA-E - CD8B","MHC-I","Cell-Cell Contact","KEGG: hsa04514"
"Plasma_B","nCD8+T","HLA-E","CD8B",0.140225997658924,0,"HLA-E_CD8B","HLA-E - CD8B","MHC-I","Cell-Cell Contact","KEGG: hsa04514"
"Treg","nCD8+T","HLA-E","CD8B",0.0579121267385298,0,"HLA-E_CD8B","HLA-E - CD8B","MHC-I","Cell-Cell Contact","KEGG: hsa04514"
"cDC2","nCD8+T","HLA-E","CD8B",0.0457340294905721,0,"HLA-E_CD8B","HLA-E - CD8B","MHC-I","Cell-Cell Contact","KEGG: hsa04514"
"cmCD8+T","nCD8+T","HLA-E","CD8B",0.0552038702681917,0,"HLA-E_CD8B","HLA-E - CD8B","MHC-I","Cell-Cell Contact","KEGG: hsa04514"
"ctlCD4+T","nCD8+T","HLA-E","CD8B",0.0293579361557763,0,"HLA-E_CD8B","HLA-E - CD8B","MHC-I","Cell-Cell Contact","KEGG: hsa04514"
"emCD8+T","nCD8+T","HLA-E","CD8B",0.0588882806498504,0,"HLA-E_CD8B","HLA-E - CD8B","MHC-I","Cell-Cell Contact","KEGG: hsa04514"
"gdT","nCD8+T","HLA-E","CD8B",0.103440290787145,0,"HLA-E_CD8B","HLA-E - CD8B","MHC-I","Cell-Cell Contact","KEGG: hsa04514"
"hCD4+T","nCD8+T","HLA-E","CD8B",0.0577362580608741,0,"HLA-E_CD8B","HLA-E - CD8B","MHC-I","Cell-Cell Contact","KEGG: hsa04514"
"mB_cells","nCD8+T","HLA-E","CD8B",0.0527260896538113,0,"HLA-E_CD8B","HLA-E - CD8B","MHC-I","Cell-Cell Contact","KEGG: hsa04514"
"nCD8+T","nCD8+T","HLA-E","CD8B",0.0580178602630018,0,"HLA-E_CD8B","HLA-E - CD8B","MHC-I","Cell-Cell Contact","KEGG: hsa04514"
"MAIT","MAIT","HLA-F","CD8B",0.0237925807761217,0,"HLA-F_CD8B","HLA-F - CD8B","MHC-I","Cell-Cell Contact","KEGG: hsa04514"
"MAIT","nCD8+T","HLA-F","CD8B",0.0383943124019411,0,"HLA-F_CD8B","HLA-F - CD8B","MHC-I","Cell-Cell Contact","KEGG: hsa04514"
"CD14+Mono","pDC","HLA-DPA1","CD4",0.0236035516359957,0,"HLA-DPA1_CD4","HLA-DPA1 - CD4","MHC-II","Cell-Cell Contact","KEGG: hsa04514"
"CD16+Mono","pDC","HLA-DPA1","CD4",0.0721313432713017,0,"HLA-DPA1_CD4","HLA-DPA1 - CD4","MHC-II","Cell-Cell Contact","KEGG: hsa04514"
"Cycling","pDC","HLA-DPA1","CD4",0.016139099621795,0,"HLA-DPA1_CD4","HLA-DPA1 - CD4","MHC-II","Cell-Cell Contact","KEGG: hsa04514"
"MAIT","pDC","HLA-DPA1","CD4",0.0134619765445317,0,"HLA-DPA1_CD4","HLA-DPA1 - CD4","MHC-II","Cell-Cell Contact","KEGG: hsa04514"
"Plasma_B","pDC","HLA-DPA1","CD4",0.0145653688397514,0,"HLA-DPA1_CD4","HLA-DPA1 - CD4","MHC-II","Cell-Cell Contact","KEGG: hsa04514"
"cDC2","pDC","HLA-DPA1","CD4",0.0752140089413537,0,"HLA-DPA1_CD4","HLA-DPA1 - CD4","MHC-II","Cell-Cell Contact","KEGG: hsa04514"
"cmCD8+T","pDC","HLA-DPA1","CD4",0.019478220848732,0,"HLA-DPA1_CD4","HLA-DPA1 - CD4","MHC-II","Cell-Cell Contact","KEGG: hsa04514"
"ctlCD4+T","pDC","HLA-DPA1","CD4",0.0104690562899855,0,"HLA-DPA1_CD4","HLA-DPA1 - CD4","MHC-II","Cell-Cell Contact","KEGG: hsa04514"
"ctlCD8+T","pDC","HLA-DPA1","CD4",0.0218478752329282,0,"HLA-DPA1_CD4","HLA-DPA1 - CD4","MHC-II","Cell-Cell Contact","KEGG: hsa04514"
"mB_cells","pDC","HLA-DPA1","CD4",0.0781842097055974,0,"HLA-DPA1_CD4","HLA-DPA1 - CD4","MHC-II","Cell-Cell Contact","KEGG: hsa04514"
"nB_cells","pDC","HLA-DPA1","CD4",0.0697200626635256,0,"HLA-DPA1_CD4","HLA-DPA1 - CD4","MHC-II","Cell-Cell Contact","KEGG: hsa04514"
"pDC","pDC","HLA-DPA1","CD4",0.0703232652977218,0,"HLA-DPA1_CD4","HLA-DPA1 - CD4","MHC-II","Cell-Cell Contact","KEGG: hsa04514"
"CD16+Mono","pDC","HLA-DPB1","CD4",0.0163954340584425,0,"HLA-DPB1_CD4","HLA-DPB1 - CD4","MHC-II","Cell-Cell Contact","KEGG: hsa04514"
"cDC2","pDC","HLA-DPB1","CD4",0.0474711027056376,0,"HLA-DPB1_CD4","HLA-DPB1 - CD4","MHC-II","Cell-Cell Contact","KEGG: hsa04514"
"mB_cells","pDC","HLA-DPB1","CD4",0.0166907107878209,0,"HLA-DPB1_CD4","HLA-DPB1 - CD4","MHC-II","Cell-Cell Contact","KEGG: hsa04514"
"CD16+Mono","pDC","HLA-DQA1","CD4",0.00556414057390528,0,"HLA-DQA1_CD4","HLA-DQA1 - CD4","MHC-II","Cell-Cell Contact","KEGG: hsa04514"
"cDC2","pDC","HLA-DQA1","CD4",0.0163283317861208,0,"HLA-DQA1_CD4","HLA-DQA1 - CD4","MHC-II","Cell-Cell Contact","KEGG: hsa04514"
"mB_cells","pDC","HLA-DQA1","CD4",0.0166855547250975,0,"HLA-DQA1_CD4","HLA-DQA1 - CD4","MHC-II","Cell-Cell Contact","KEGG: hsa04514"
"pDC","pDC","HLA-DQA1","CD4",0.0175241016392011,0,"HLA-DQA1_CD4","HLA-DQA1 - CD4","MHC-II","Cell-Cell Contact","KEGG: hsa04514"
"cDC2","pDC","HLA-DMA","CD4",0.0142642136270216,0,"HLA-DMA_CD4","HLA-DMA - CD4","MHC-II","Cell-Cell Contact","KEGG: hsa04514"
"cDC2","pDC","HLA-DMB","CD4",0.0147884895327223,0,"HLA-DMB_CD4","HLA-DMB - CD4","MHC-II","Cell-Cell Contact","KEGG: hsa04514"
"cDC2","pDC","HLA-DQB1","CD4",0.0150841815893309,0,"HLA-DQB1_CD4","HLA-DQB1 - CD4","MHC-II","Cell-Cell Contact","KEGG: hsa04514"
"CD16+Mono","pDC","HLA-DRA","CD4",0.0487728515999162,0,"HLA-DRA_CD4","HLA-DRA - CD4","MHC-II","Cell-Cell Contact","KEGG: hsa04514"
"cDC2","pDC","HLA-DRA","CD4",0.0668511078273127,0,"HLA-DRA_CD4","HLA-DRA - CD4","MHC-II","Cell-Cell Contact","KEGG: hsa04514"
"mB_cells","pDC","HLA-DRA","CD4",0.019606574047234,0,"HLA-DRA_CD4","HLA-DRA - CD4","MHC-II","Cell-Cell Contact","KEGG: hsa04514"
"pDC","pDC","HLA-DRA","CD4",0.00727964425518481,0,"HLA-DRA_CD4","HLA-DRA - CD4","MHC-II","Cell-Cell Contact","KEGG: hsa04514"
"CD16+Mono","pDC","HLA-DRB1","CD4",0.0156935065200754,0,"HLA-DRB1_CD4","HLA-DRB1 - CD4","MHC-II","Cell-Cell Contact","KEGG: hsa04514"
"cDC2","pDC","HLA-DRB1","CD4",0.0169709483375359,0,"HLA-DRB1_CD4","HLA-DRB1 - CD4","MHC-II","Cell-Cell Contact","KEGG: hsa04514"
"cDC2","pDC","HLA-DRB5","CD4",0.0147976154905924,0,"HLA-DRB5_CD4","HLA-DRB5 - CD4","MHC-II","Cell-Cell Contact","KEGG: hsa04514"
"Plasma_B","CD16+Mono","JAG1","NOTCH2",0.021421309719853,0,"JAG1_NOTCH2","JAG1 - NOTCH2","NOTCH","Cell-Cell Contact","PMID: 22353464"
"Plasma_B","cDC2","JAG1","NOTCH2",0.0235883901795662,0,"JAG1_NOTCH2","JAG1 - NOTCH2","NOTCH","Cell-Cell Contact","PMID: 22353464"
"Plasma_B","pDC","JAG1","NOTCH2",0.0253878990738045,0,"JAG1_NOTCH2","JAG1 - NOTCH2","NOTCH","Cell-Cell Contact","PMID: 22353464"
"CD16+Mono","CD16+Mono","PECAM1","PECAM1",0.0205697513108907,0,"PECAM1_PECAM1","PECAM1 - PECAM1","PECAM1","Cell-Cell Contact","KEGG: hsa04514"
"cDC2","CD16+Mono","PECAM1","PECAM1",0.0221712425344326,0,"PECAM1_PECAM1","PECAM1 - PECAM1","PECAM1","Cell-Cell Contact","KEGG: hsa04514"
"pDC","CD16+Mono","PECAM1","PECAM1",0.02983522043549,0,"PECAM1_PECAM1","PECAM1 - PECAM1","PECAM1","Cell-Cell Contact","KEGG: hsa04514"
"CD16+Mono","cDC2","PECAM1","PECAM1",0.0221712425344326,0,"PECAM1_PECAM1","PECAM1 - PECAM1","PECAM1","Cell-Cell Contact","KEGG: hsa04514"
"cDC2","cDC2","PECAM1","PECAM1",0.0238943785631212,0,"PECAM1_PECAM1","PECAM1 - PECAM1","PECAM1","Cell-Cell Contact","KEGG: hsa04514"
"pDC","cDC2","PECAM1","PECAM1",0.0321344218180614,0,"PECAM1_PECAM1","PECAM1 - PECAM1","PECAM1","Cell-Cell Contact","KEGG: hsa04514"
"CD16+Mono","pDC","PECAM1","PECAM1",0.02983522043549,0,"PECAM1_PECAM1","PECAM1 - PECAM1","PECAM1","Cell-Cell Contact","KEGG: hsa04514"
"cDC2","pDC","PECAM1","PECAM1",0.0321344218180614,0,"PECAM1_PECAM1","PECAM1 - PECAM1","PECAM1","Cell-Cell Contact","KEGG: hsa04514"
"pDC","pDC","PECAM1","PECAM1",0.0430906232273226,0,"PECAM1_PECAM1","PECAM1 - PECAM1","PECAM1","Cell-Cell Contact","KEGG: hsa04514"
"Plasma_B","CD16+Mono","SELPLG","SELL",0.0199590238069878,0,"SELPLG_SELL","SELPLG - SELL","SELPLG","Cell-Cell Contact","PMC2431087; PMID:  8892633,PMID:  8896607"
"Plasma_B","Cycling","SELPLG","SELL",0.0248777802589958,0,"SELPLG_SELL","SELPLG - SELL","SELPLG","Cell-Cell Contact","PMC2431087; PMID:  8892633,PMID:  8896607"
"Plasma_B","Plasma_B","SELPLG","SELL",0.0498358401400386,0,"SELPLG_SELL","SELPLG - SELL","SELPLG","Cell-Cell Contact","PMC2431087; PMID:  8892633,PMID:  8896607"
"Plasma_B","Treg","SELPLG","SELL",0.0345302188293651,0,"SELPLG_SELL","SELPLG - SELL","SELPLG","Cell-Cell Contact","PMC2431087; PMID:  8892633,PMID:  8896607"
"Plasma_B","cDC2","SELPLG","SELL",0.0215423172738399,0,"SELPLG_SELL","SELPLG - SELL","SELPLG","Cell-Cell Contact","PMC2431087; PMID:  8892633,PMID:  8896607"
"Plasma_B","cmCD8+T","SELPLG","SELL",0.0285266210076796,0,"SELPLG_SELL","SELPLG - SELL","SELPLG","Cell-Cell Contact","PMC2431087; PMID:  8892633,PMID:  8896607"
"Plasma_B","hCD4+T","SELPLG","SELL",0.0281766981691525,0,"SELPLG_SELL","SELPLG - SELL","SELPLG","Cell-Cell Contact","PMC2431087; PMID:  8892633,PMID:  8896607"
"Plasma_B","mB_cells","SELPLG","SELL",0.0258338684719929,0,"SELPLG_SELL","SELPLG - SELL","SELPLG","Cell-Cell Contact","PMC2431087; PMID:  8892633,PMID:  8896607"
"Plasma_B","nCD4+T","SELPLG","SELL",0.0301904052036721,0,"SELPLG_SELL","SELPLG - SELL","SELPLG","Cell-Cell Contact","PMC2431087; PMID:  8892633,PMID:  8896607"
"Plasma_B","nCD8+T","SELPLG","SELL",0.0330457083402425,0,"SELPLG_SELL","SELPLG - SELL","SELPLG","Cell-Cell Contact","PMC2431087; PMID:  8892633,PMID:  8896607"
"Plasma_B","pDC","SELPLG","SELL",0.0775770977430973,0,"SELPLG_SELL","SELPLG - SELL","SELPLG","Cell-Cell Contact","PMC2431087; PMID:  8892633,PMID:  8896607"
